location_code,has_hrp,in_gho,provider_admin1_name,admin1_code,admin1_name,mpi,headcount_ratio,intensity_of_deprivation,vulnerable_to_poverty,in_severe_poverty,reference_period_start,reference_period_end
#country+code,#meta+has_hrp,#meta+in_gho,#adm1+name+provider,#adm1+code,#adm1+name,#indicator+mpi,#indicator+headcount_ratio,#indicator+intensity_of_deprivation,#indicator+vulnerable_to_poverty,#indicator+in_severe_poverty,#date+start,#date+end
AFG,True,True,Central,AFG-XXX,UNSPECIFIED,0.2961045751551221,54.550176741137825,54.281139465460406,16.55948975664459,30.96774485363976,2010-01-01,2011-12-31
AFG,True,True,Central,AFG-XXX,UNSPECIFIED,0.199060162727555,39.59707022998017,50.271437147094844,18.20081131395777,30.96774485363976,2015-01-01,2016-12-31
AFG,True,True,Central Highlands,AFG-XXX,UNSPECIFIED,0.4593261079946434,77.88486830697447,58.975012474086874,14.682155822823459,53.53306441597624,2010-01-01,2011-12-31
AFG,True,True,Central Highlands,AFG-XXX,UNSPECIFIED,0.3598338478644391,67.82963326559707,53.049652569321125,22.258889344741032,53.53306441597624,2015-01-01,2016-12-31
AFG,True,True,East,AFG-XXX,UNSPECIFIED,0.4188427720989296,75.21083904113233,55.68915031912726,12.43302954332236,46.224768037033634,2010-01-01,2011-12-31
AFG,True,True,East,AFG-XXX,UNSPECIFIED,0.3960314733588088,72.18208482074031,54.86561857313046,15.449607925024289,46.224768037033634,2015-01-01,2016-12-31
AFG,True,True,North,AFG-XXX,UNSPECIFIED,0.4620731923656214,78.64190578138454,58.75661172939171,11.15584330637015,53.681109122745674,2010-01-01,2011-12-31
AFG,True,True,North,AFG-XXX,UNSPECIFIED,0.3465388027176295,63.35418727734642,54.69864228556547,12.76854130563015,53.681109122745674,2015-01-01,2016-12-31
AFG,True,True,North East,AFG-XXX,UNSPECIFIED,0.4536805173991433,78.1873001368161,58.02483480121076,12.65544235623694,52.61413123345599,2010-01-01,2011-12-31
AFG,True,True,North East,AFG-XXX,UNSPECIFIED,0.4034481451165455,72.63615986006414,55.54370521429011,13.11943985052954,52.61413123345599,2015-01-01,2016-12-31
AFG,True,True,South,AFG-XXX,UNSPECIFIED,0.5368632788877932,88.44282211332705,60.701735433077694,7.71188285432263,68.1800035375353,2010-01-01,2011-12-31
AFG,True,True,South,AFG-XXX,UNSPECIFIED,0.4466083853017233,75.31958255561548,59.295122217645115,11.66710832488626,68.1800035375353,2015-01-01,2016-12-31
AFG,True,True,South East,AFG-XXX,UNSPECIFIED,0.443192832462436,79.77714968978762,55.553856484693355,13.01671809903845,48.56890582714589,2010-01-01,2011-12-31
AFG,True,True,South East,AFG-XXX,UNSPECIFIED,0.3149533478234243,63.880189637285234,49.30375905452761,15.728923264548051,48.56890582714589,2015-01-01,2016-12-31
AFG,True,True,West,AFG-XXX,UNSPECIFIED,0.4774984075526474,80.45425307960834,59.350300235858235,8.61060680029583,55.55789998527617,2010-01-01,2011-12-31
AFG,True,True,West,AFG-XXX,UNSPECIFIED,0.4278245795563967,73.80592057028437,57.96615993008108,11.4590817120527,55.55789998527617,2015-01-01,2016-12-31
CMR,True,True,Adamaoua,CMR-XXX,UNSPECIFIED,0.2808642820401983,51.787127405689084,54.23438142068948,21.89097331593319,29.8058311364466,2011-01-01,2011-12-31
CMR,True,True,Adamaoua,CMR-XXX,UNSPECIFIED,0.3154114070211473,58.74730101641812,53.689514507738714,16.93766908119477,29.8058311364466,2014-01-01,2014-12-31
CMR,True,True,Adamaoua,CMR-XXX,UNSPECIFIED,0.3768967481010075,65.6934779720774,57.37201922254827,15.507384583890149,35.380810050939395,2018-01-01,2018-12-31
CMR,True,True,Centre,CMR-XXX,UNSPECIFIED,0.1686153485021534,37.88447006084858,44.50777541069728,25.99835355492996,14.146183040165768,2011-01-01,2011-12-31
CMR,True,True,Centre,CMR-XXX,UNSPECIFIED,0.1463743433279719,34.11945076659047,42.9005567320857,24.44834257727826,14.146183040165768,2014-01-01,2014-12-31
CMR,True,True,Centre,CMR-XXX,UNSPECIFIED,0.1940337184699336,42.7817620298881,45.35430736452093,20.3587413709489,9.70134957829283,2018-01-01,2018-12-31
CMR,True,True,Douala,CMR-XXX,UNSPECIFIED,0.0192823012187313,4.91874018937491,39.20170709642983,11.073382294844961,0.48765652901577,2011-01-01,2011-12-31
CMR,True,True,Douala,CMR-XXX,UNSPECIFIED,0.0223187386992857,5.490496034563639,40.64976745049129,11.85294029059156,0.48765652901577,2014-01-01,2014-12-31
CMR,True,True,Douala,CMR-XXX,UNSPECIFIED,0.0087731451484429,2.3832690934149503,36.81139143155668,13.290455971275831,0.7337784197128,2018-01-01,2018-12-31
CMR,True,True,Est,CMR-XXX,UNSPECIFIED,0.3009234685170967,60.57915174132915,49.67442756577863,20.14323625218939,31.873974393948263,2011-01-01,2011-12-31
CMR,True,True,Est,CMR-XXX,UNSPECIFIED,0.3078172770763618,57.71435537839018,53.33461234353783,15.96055224434095,31.873974393948263,2014-01-01,2014-12-31
CMR,True,True,Est,CMR-XXX,UNSPECIFIED,0.3016101982551233,58.146248532191855,51.870964313053,14.96716038244195,33.29707414463245,2018-01-01,2018-12-31
CMR,True,True,Extrême-Nord,CMR-XXX,UNSPECIFIED,0.5385076142489467,87.29927232604486,61.68523515725668,7.24898267260459,66.76199728151167,2011-01-01,2011-12-31
CMR,True,True,Extrême-Nord,CMR-XXX,UNSPECIFIED,0.4797304213917475,79.84342794380093,60.083895913062925,12.75774228284669,66.76199728151167,2014-01-01,2014-12-31
CMR,True,True,Extrême-Nord,CMR-XXX,UNSPECIFIED,0.4280981127634855,75.3032284671695,56.84990158823361,14.83668349406176,58.336134610183066,2018-01-01,2018-12-31
CMR,True,True,Littoral,CMR-XXX,UNSPECIFIED,0.120084004141321,27.317243809437958,43.959048350197236,19.5791374151321,8.813609093413529,2011-01-01,2011-12-31
CMR,True,True,Littoral,CMR-XXX,UNSPECIFIED,0.0789314965803822,19.29678454161578,40.90396325364837,22.98306649196963,8.813609093413529,2014-01-01,2014-12-31
CMR,True,True,Littoral,CMR-XXX,UNSPECIFIED,0.0933759577012836,22.41163292856137,41.66405812504869,20.60088110513292,3.35726561230666,2018-01-01,2018-12-31
CMR,True,True,Nord,CMR-XXX,UNSPECIFIED,0.4607691029824233,77.08494050005353,59.77420492166087,15.77542037872266,53.99309366702427,2011-01-01,2011-12-31
CMR,True,True,Nord,CMR-XXX,UNSPECIFIED,0.423493382456439,73.14167718392964,57.90041994682168,13.457162138290371,53.99309366702427,2014-01-01,2014-12-31
CMR,True,True,Nord,CMR-XXX,UNSPECIFIED,0.4234335147874541,72.62630671831653,58.30304939362465,14.36345560046448,50.527189020926635,2018-01-01,2018-12-31
CMR,True,True,Nord-Ouest,CMR-XXX,UNSPECIFIED,0.1928271657654837,43.78422345018139,44.040330185343265,25.514126632411973,14.430176093043531,2011-01-01,2011-12-31
CMR,True,True,Nord-Ouest,CMR-XXX,UNSPECIFIED,0.174263618477028,39.7170635946949,43.87625939705795,24.88008478103115,14.430176093043531,2014-01-01,2014-12-31
CMR,True,True,Nord-Ouest,CMR-XXX,UNSPECIFIED,0.2241142643251053,47.36786684429338,47.31356492404626,20.003504740786653,12.944372305364599,2018-01-01,2018-12-31
CMR,True,True,Ouest,CMR-XXX,UNSPECIFIED,0.1891375422037026,40.54211651955363,46.652113515701835,23.79228711775205,17.8393651613606,2011-01-01,2011-12-31
CMR,True,True,Ouest,CMR-XXX,UNSPECIFIED,0.138765683441572,33.06282467622368,41.97030495744727,24.040663004367723,17.8393651613606,2014-01-01,2014-12-31
CMR,True,True,Ouest,CMR-XXX,UNSPECIFIED,0.0988073483298827,23.44454739222204,42.145129388449185,28.78554066948021,7.39937718677787,2018-01-01,2018-12-31
CMR,True,True,Sud,CMR-XXX,UNSPECIFIED,0.1356957377996529,33.258096859544004,40.80081261796932,29.939036471327192,5.38753504562405,2011-01-01,2011-12-31
CMR,True,True,Sud,CMR-XXX,UNSPECIFIED,0.1288061062213303,30.330065608408407,42.4681264736933,26.524047837999692,5.38753504562405,2014-01-01,2014-12-31
CMR,True,True,Sud,CMR-XXX,UNSPECIFIED,0.1300552635293191,32.60628741142294,39.88655987978469,20.53988116502194,9.675384570951751,2018-01-01,2018-12-31
CMR,True,True,Sud-Ouest,CMR-XXX,UNSPECIFIED,0.1499488260196891,33.92097601886037,44.20533947381592,22.62457431804734,10.50181517417683,2011-01-01,2011-12-31
CMR,True,True,Sud-Ouest,CMR-XXX,UNSPECIFIED,0.1359436963463869,31.989335393551947,42.49656789487065,24.77406725760414,10.50181517417683,2014-01-01,2014-12-31
CMR,True,True,Sud-Ouest,CMR-XXX,UNSPECIFIED,0.0345957964810048,9.0594625743826,38.187471052456466,14.615752932391471,8.2635032028738,2018-01-01,2018-12-31
CMR,True,True,Yaoundé,CMR-XXX,UNSPECIFIED,0.0191972850096382,5.11127828882818,37.55867695875237,16.17942421208997,0.23350304964479,2011-01-01,2011-12-31
CMR,True,True,Yaoundé,CMR-XXX,UNSPECIFIED,0.0149598117510203,3.9701753733487797,37.68048094661859,8.12984448762891,0.23350304964479,2014-01-01,2014-12-31
CMR,True,True,Yaoundé,CMR-XXX,UNSPECIFIED,0.0055672725232401,1.41505577817819,39.34313126799615,15.00701214848277,0.24120871723792,2018-01-01,2018-12-31
CAF,True,True,"Bamingui-Bangoran, Haute-Kotto, Vakaga",CAF-XXX,UNSPECIFIED,0.6326506084811306,93.63905814673484,67.56268388451215,4.4883545646842,77.95217056716194,2000-01-01,2000-12-31
CAF,True,True,"Bamingui-Bangoran, Haute-Kotto, Vakaga",CAF-XXX,UNSPECIFIED,0.4715878411861337,83.39721568683633,56.54719252942283,13.242196486019338,77.95217056716194,2010-01-01,2010-12-31
CAF,True,True,"Bamingui-Bangoran, Haute-Kotto, Vakaga",CAF-XXX,UNSPECIFIED,0.5255497354415855,90.26157951849507,58.22518708903133,8.890374939796091,54.29042633202394,2018-01-01,2019-12-31
CAF,True,True,Bangui,CAF-XXX,UNSPECIFIED,0.3368942148875789,66.69836336044852,50.51011717738096,20.41990960181403,34.511613884625156,2000-01-01,2000-12-31
CAF,True,True,Bangui,CAF-XXX,UNSPECIFIED,0.207496373658444,44.245083236438084,46.89704674067831,29.665063089237748,34.511613884625156,2010-01-01,2010-12-31
CAF,True,True,Bangui,CAF-XXX,UNSPECIFIED,0.1886607169653751,42.38755273652132,44.5085183704942,29.885671514159327,18.885879279685742,2018-01-01,2019-12-31
CAF,True,True,"Basse-Kotto, Mbomou, Haut-Mbomou",CAF-XXX,UNSPECIFIED,0.6489457402375225,95.55144834893177,67.91584548961754,3.47707631522821,82.31024886044814,2000-01-01,2000-12-31
CAF,True,True,"Basse-Kotto, Mbomou, Haut-Mbomou",CAF-XXX,UNSPECIFIED,0.5750287814565777,93.67337501382458,61.38657664162452,5.37647352281587,82.31024886044814,2010-01-01,2010-12-31
CAF,True,True,"Basse-Kotto, Mbomou, Haut-Mbomou",CAF-XXX,UNSPECIFIED,0.6200739127670188,95.31310166763132,65.05652443556961,4.167386835421119,75.61750269529057,2018-01-01,2019-12-31
CAF,True,True,"Kémo, Nana-Grébizi, Ouaka",CAF-XXX,UNSPECIFIED,0.6293538318642152,95.2507208678471,66.07339305467247,3.65513783048377,80.11763136268938,2000-01-01,2000-12-31
CAF,True,True,"Kémo, Nana-Grébizi, Ouaka",CAF-XXX,UNSPECIFIED,0.524082397194503,88.53760818514857,59.193195743276625,9.66209526331922,80.11763136268938,2010-01-01,2010-12-31
CAF,True,True,"Kémo, Nana-Grébizi, Ouaka",CAF-XXX,UNSPECIFIED,0.5739608042570995,91.37574157894821,62.8132581294785,8.315164210003791,64.34211955789054,2018-01-01,2019-12-31
CAF,True,True,"Mambéré-Kadéï, Sangha-Mbaéré, Nana-Mambéré",CAF-XXX,UNSPECIFIED,0.6253520507235488,94.76263163838121,65.99141875986754,4.22472053660557,77.80555310683644,2000-01-01,2000-12-31
CAF,True,True,"Mambéré-Kadéï, Sangha-Mbaéré, Nana-Mambéré",CAF-XXX,UNSPECIFIED,0.5638560748870641,90.40181374913044,62.37220820057806,7.11776471654306,77.80555310683644,2010-01-01,2010-12-31
CAF,True,True,"Mambéré-Kadéï, Sangha-Mbaéré, Nana-Mambéré",CAF-XXX,UNSPECIFIED,0.5775684140819606,92.5062692516917,62.43559693349092,5.829823366339211,70.68488891154031,2018-01-01,2019-12-31
CAF,True,True,"Ombella-M'Poko, Lobaye",CAF-XXX,UNSPECIFIED,0.5806142335655952,92.28029956230331,62.918546680008504,6.21587760699011,70.6155708114382,2000-01-01,2000-12-31
CAF,True,True,"Ombella-M'Poko, Lobaye",CAF-XXX,UNSPECIFIED,0.4950022891492007,85.185715971344,58.10860230554575,10.81764515281175,70.6155708114382,2010-01-01,2010-12-31
CAF,True,True,"Ombella-M'Poko, Lobaye",CAF-XXX,UNSPECIFIED,0.461988378211554,80.94644356277236,57.07333860236752,12.30449582835093,61.218121009754476,2018-01-01,2019-12-31
CAF,True,True,"Ouham, Ouham-Pendé",CAF-XXX,UNSPECIFIED,0.6297596342321758,94.17323316808442,66.87246609746883,5.08077094815064,77.52426894326516,2000-01-01,2000-12-31
CAF,True,True,"Ouham, Ouham-Pendé",CAF-XXX,UNSPECIFIED,0.5671312197388361,92.08671342482761,61.58665008734378,6.68683133122131,77.52426894326516,2010-01-01,2010-12-31
CAF,True,True,"Ouham, Ouham-Pendé",CAF-XXX,UNSPECIFIED,0.60562179800763,93.72116098366794,64.61953646873484,5.51363834668425,70.40144110187583,2018-01-01,2019-12-31
TCD,True,True,Barh El Gazal,TCD-XXX,UNSPECIFIED,0.6559604904676407,98.01243296656577,66.9262531919194,1.15386385400544,84.45916632641108,2010-01-01,2010-12-31
TCD,True,True,Barh El Gazal,TCD-XXX,UNSPECIFIED,0.6613837096358155,97.84334743415283,67.59618583991286,2.15665256584729,84.45916632641108,2014-01-01,2015-12-31
TCD,True,True,Barh El Gazal,TCD-XXX,UNSPECIFIED,0.6464225940604634,94.91025447238344,68.10882529543281,3.05563575718941,86.62931620884923,2019-01-01,2019-12-31
TCD,True,True,Batha,TCD-XXX,UNSPECIFIED,0.6823896349493689,96.74526010072788,70.53468399784009,2.3783741081766103,85.60341191031931,2010-01-01,2010-12-31
TCD,True,True,Batha,TCD-XXX,UNSPECIFIED,0.6690665485324843,96.35954998486449,69.43437870326049,2.73254476496609,85.60341191031931,2014-01-01,2015-12-31
TCD,True,True,Batha,TCD-XXX,UNSPECIFIED,0.6824255941228827,95.77775931763172,71.25094583385757,2.53780665974421,89.45430704842408,2019-01-01,2019-12-31
TCD,True,True,Borkou-Ennedi-Tibesti,TCD-XXX,UNSPECIFIED,0.6322792158013332,94.8829860366358,66.63778641591234,4.15609171205935,82.69445550791286,2010-01-01,2010-12-31
TCD,True,True,Borkou-Ennedi-Tibesti,TCD-XXX,UNSPECIFIED,0.6012575150224563,94.02297606663424,63.9479348745932,4.84418330086224,82.69445550791286,2014-01-01,2015-12-31
TCD,True,True,Borkou-Ennedi-Tibesti,TCD-XXX,UNSPECIFIED,0.6208220379365232,94.22754066996995,65.88541243063318,3.91064065121529,78.63210488978083,2019-01-01,2019-12-31
TCD,True,True,Chari Baguirmi,TCD-XXX,UNSPECIFIED,0.6683105648031905,95.63694420021314,69.87995804258468,3.396854822245,82.353535959217,2010-01-01,2010-12-31
TCD,True,True,Chari Baguirmi,TCD-XXX,UNSPECIFIED,0.6634350084256235,98.4365315771736,67.39723533488123,1.45689900576602,82.353535959217,2014-01-01,2015-12-31
TCD,True,True,Chari Baguirmi,TCD-XXX,UNSPECIFIED,0.6301427262425187,95.66020199340576,65.87302902475123,3.43661071144125,85.00177864509764,2019-01-01,2019-12-31
TCD,True,True,Guéra,TCD-XXX,UNSPECIFIED,0.6828432260484432,96.81625134735856,70.52981462776636,2.88277973862408,86.78815167689932,2010-01-01,2010-12-31
TCD,True,True,Guéra,TCD-XXX,UNSPECIFIED,0.6559752386814589,95.12550013739877,68.95892665310258,4.040196115801431,86.78815167689932,2014-01-01,2015-12-31
TCD,True,True,Guéra,TCD-XXX,UNSPECIFIED,0.603724430637918,91.49499162912403,65.98442383438015,6.0078732425608505,81.78364314967651,2019-01-01,2019-12-31
TCD,True,True,Hadjer-Lamis,TCD-XXX,UNSPECIFIED,0.7195802278010455,98.48643830106568,73.06388983235868,1.06719788807852,89.66761142827428,2010-01-01,2010-12-31
TCD,True,True,Hadjer-Lamis,TCD-XXX,UNSPECIFIED,0.6641527451757762,97.05848293324853,68.4280987198763,2.38703397219991,89.66761142827428,2014-01-01,2015-12-31
TCD,True,True,Hadjer-Lamis,TCD-XXX,UNSPECIFIED,0.6624755135903705,96.19456980186484,68.86828590791492,2.45584278799768,85.57519432389198,2019-01-01,2019-12-31
TCD,True,True,Kanem,TCD-XXX,UNSPECIFIED,0.6748138828169137,97.8986870067825,68.92981953579849,1.6320233632864198,86.07037048792101,2010-01-01,2010-12-31
TCD,True,True,Kanem,TCD-XXX,UNSPECIFIED,0.6992271425632431,98.9117144210702,70.69204559397397,0.6863228031894599,86.07037048792101,2014-01-01,2015-12-31
TCD,True,True,Kanem,TCD-XXX,UNSPECIFIED,0.7038344913834306,99.67902247819748,70.61009166069799,0.25629126017931,90.37549736096074,2019-01-01,2019-12-31
TCD,True,True,Lac,TCD-XXX,UNSPECIFIED,0.7086987240903089,96.92589565094842,73.11758321455079,2.06641464431971,87.54322846036115,2010-01-01,2010-12-31
TCD,True,True,Lac,TCD-XXX,UNSPECIFIED,0.7289091101242349,98.36968849722663,74.09895479589579,0.9400974511839201,87.54322846036115,2014-01-01,2015-12-31
TCD,True,True,Lac,TCD-XXX,UNSPECIFIED,0.6837313069487985,97.43250949648811,70.17486365507635,2.51777796584635,91.94397558171157,2019-01-01,2019-12-31
TCD,True,True,Logone Occidental,TCD-XXX,UNSPECIFIED,0.5504983855956656,87.89654542962845,62.63026412527266,9.758065193568271,68.15198736378548,2010-01-01,2010-12-31
TCD,True,True,Logone Occidental,TCD-XXX,UNSPECIFIED,0.4722223719486944,81.05770803942833,58.257552966954684,13.462194886237592,68.15198736378548,2014-01-01,2015-12-31
TCD,True,True,Logone Occidental,TCD-XXX,UNSPECIFIED,0.5435551298116952,86.7245667783948,62.67602710551766,9.95416527374615,55.666164085196776,2019-01-01,2019-12-31
TCD,True,True,Logone Oriental,TCD-XXX,UNSPECIFIED,0.6083636255530586,94.50418726579109,64.37425082997098,4.94237024966935,78.64556421199096,2010-01-01,2010-12-31
TCD,True,True,Logone Oriental,TCD-XXX,UNSPECIFIED,0.5404234205941423,89.042392405529,60.69282349612442,9.83594448846773,78.64556421199096,2014-01-01,2015-12-31
TCD,True,True,Logone Oriental,TCD-XXX,UNSPECIFIED,0.5187479587418921,88.24862484040523,58.78255436614799,9.94241907209387,62.03584068816483,2019-01-01,2019-12-31
TCD,True,True,Mandoul,TCD-XXX,UNSPECIFIED,0.6102767453480151,92.74161885288112,65.8039780733304,6.19718161282269,76.17449730929302,2010-01-01,2010-12-31
TCD,True,True,Mandoul,TCD-XXX,UNSPECIFIED,0.57802487927956,92.10061543660932,62.76015383169733,7.06850723867343,76.17449730929302,2014-01-01,2015-12-31
TCD,True,True,Mandoul,TCD-XXX,UNSPECIFIED,0.5346365104026963,88.78426822835112,60.21748233905845,10.03273641756375,71.32949450537124,2019-01-01,2019-12-31
TCD,True,True,Mayo Kebbi Est,TCD-XXX,UNSPECIFIED,0.6190303955022934,93.1803218439694,66.43359705699031,6.44154175998746,77.5624885044826,2010-01-01,2010-12-31
TCD,True,True,Mayo Kebbi Est,TCD-XXX,UNSPECIFIED,0.5615792514766528,89.70245224376296,62.604671046292346,9.04396008135328,77.5624885044826,2014-01-01,2015-12-31
TCD,True,True,Mayo Kebbi Est,TCD-XXX,UNSPECIFIED,0.5027427790641434,86.16732154119326,58.344946793292365,11.518586953042979,67.80796983884316,2019-01-01,2019-12-31
TCD,True,True,Mayo Kebbi Ouest,TCD-XXX,UNSPECIFIED,0.5689456283030523,90.05714686012294,63.176066324501726,8.86163735047245,68.5577653031328,2010-01-01,2010-12-31
TCD,True,True,Mayo Kebbi Ouest,TCD-XXX,UNSPECIFIED,0.5314393491716782,88.54200543358364,60.021155672865,9.62183035807377,68.5577653031328,2014-01-01,2015-12-31
TCD,True,True,Mayo Kebbi Ouest,TCD-XXX,UNSPECIFIED,0.4793157112190038,82.25075172959998,58.274933801791626,14.45634704842097,64.51530381021328,2019-01-01,2019-12-31
TCD,True,True,Moyen Chari,TCD-XXX,UNSPECIFIED,0.526612259879516,88.86333508088654,59.260915584608064,8.2106748025704,63.41221483810852,2010-01-01,2010-12-31
TCD,True,True,Moyen Chari,TCD-XXX,UNSPECIFIED,0.4581175037238704,79.2163323355499,57.8311934189714,15.90983560011432,63.41221483810852,2014-01-01,2015-12-31
TCD,True,True,Moyen Chari,TCD-XXX,UNSPECIFIED,0.4603034661268469,79.67105131693503,57.7754979403672,17.11693561048511,49.71226624984948,2019-01-01,2019-12-31
TCD,True,True,N’Djaména,TCD-XXX,UNSPECIFIED,0.2860414236522417,55.7826033014078,51.27789072637682,16.82048037154229,29.520581034970522,2010-01-01,2010-12-31
TCD,True,True,N’Djaména,TCD-XXX,UNSPECIFIED,0.2718994596049774,56.1194303906984,48.45014600327159,17.193518636018908,29.520581034970522,2014-01-01,2015-12-31
TCD,True,True,N’Djaména,TCD-XXX,UNSPECIFIED,0.2392016586779908,48.63975728451893,49.17821799125714,17.437792714817853,25.082457197544638,2019-01-01,2019-12-31
TCD,True,True,Ouaddaï,TCD-XXX,UNSPECIFIED,0.667602446042858,94.49735001214033,70.6477426041142,3.62444250187059,86.03351022648864,2010-01-01,2010-12-31
TCD,True,True,Ouaddaï,TCD-XXX,UNSPECIFIED,0.6920935444772196,97.32515339026901,71.11147738981295,0.633056234634,86.03351022648864,2014-01-01,2015-12-31
TCD,True,True,Ouaddaï,TCD-XXX,UNSPECIFIED,0.6364690779502015,90.99769474652652,69.9434287564187,4.806612079083,89.76591235879494,2019-01-01,2019-12-31
TCD,True,True,Salamat,TCD-XXX,UNSPECIFIED,0.7406409559770357,98.27201516677584,75.36641583263616,1.2279904822744598,92.76335914108898,2010-01-01,2010-12-31
TCD,True,True,Salamat,TCD-XXX,UNSPECIFIED,0.6923543899003001,97.90775433325477,70.71496988315042,1.24961042991999,92.76335914108898,2014-01-01,2015-12-31
TCD,True,True,Salamat,TCD-XXX,UNSPECIFIED,0.6400841857099735,94.75140873414874,67.55405479045767,4.38243241702153,88.31120625386575,2019-01-01,2019-12-31
TCD,True,True,Sila,TCD-XXX,UNSPECIFIED,0.7118666631357411,97.2099494355474,73.22981518550489,2.4130075180209003,91.22665902236446,2010-01-01,2010-12-31
TCD,True,True,Sila,TCD-XXX,UNSPECIFIED,0.7046682995477264,98.04427593900358,71.87245688734775,1.81159099509564,91.22665902236446,2014-01-01,2015-12-31
TCD,True,True,Sila,TCD-XXX,UNSPECIFIED,0.6847194014530896,97.72865625057891,70.06331896117045,1.7468287376029301,91.99853077344751,2019-01-01,2019-12-31
TCD,True,True,Tandjilé,TCD-XXX,UNSPECIFIED,0.6050349966091926,92.67315692923592,65.2869737750695,6.82039366639499,71.79485011263432,2010-01-01,2010-12-31
TCD,True,True,Tandjilé,TCD-XXX,UNSPECIFIED,0.5251021188187117,86.44415129941125,60.744667039410004,12.23069330426139,71.79485011263432,2014-01-01,2015-12-31
TCD,True,True,Tandjilé,TCD-XXX,UNSPECIFIED,0.5316470211212955,86.6920828405992,61.32590240089576,11.748601460140499,57.59431419466981,2019-01-01,2019-12-31
TCD,True,True,Wadi Fira,TCD-XXX,UNSPECIFIED,0.6953449881488327,97.89068047477285,71.0328076969521,1.62489981514339,91.99088242819482,2010-01-01,2010-12-31
TCD,True,True,Wadi Fira,TCD-XXX,UNSPECIFIED,0.7115134626093264,99.21551546399012,71.71393095947451,0.60424246878441,91.99088242819482,2014-01-01,2015-12-31
TCD,True,True,Wadi Fira,TCD-XXX,UNSPECIFIED,0.6861893876059774,95.73884806080318,71.67303571170845,2.08588469230651,94.18712640852925,2019-01-01,2019-12-31
COL,True,True,Antioquia Sin Medellin,COL-XXX,UNSPECIFIED,0.0458169005387932,11.43662468767119,40.0615581869923,14.403560416787082,1.95907083271528,2010-01-01,2010-12-31
COL,True,True,Antioquia Sin Medellin,COL-XXX,UNSPECIFIED,0.0510586775320873,12.11444279043821,42.146946760429884,13.745495715352721,1.95907083271528,2015-01-01,2016-12-31
COL,True,True,"Atlantico, San Andres, Bolivar Norte",COL-XXX,UNSPECIFIED,0.0089950277808387,2.38070449256801,37.78305039083628,3.9521406787752698,0.21010897908532003,2010-01-01,2010-12-31
COL,True,True,"Atlantico, San Andres, Bolivar Norte",COL-XXX,UNSPECIFIED,0.0079394097745799,2.05373051529623,38.65847887756923,3.2571972925772603,0.21010897908532003,2015-01-01,2016-12-31
COL,True,True,Barranquilla A. M.,COL-XXX,UNSPECIFIED,0.003736054990319,1.0092709030471299,37.01736549661066,1.87937134348065,0.051037304934849995,2010-01-01,2010-12-31
COL,True,True,Barranquilla A. M.,COL-XXX,UNSPECIFIED,0.0037282544807501,1.02630910663291,36.32681866169593,1.19420711233293,0.051037304934849995,2015-01-01,2016-12-31
COL,True,True,Bogota,COL-XXX,UNSPECIFIED,0.0025410640140256,0.72262933540694,35.1641414141408,1.21198274286084,0.02463509097978,2010-01-01,2010-12-31
COL,True,True,Bogota,COL-XXX,UNSPECIFIED,0.0012729250002591,0.34225591714822,37.1921984830976,0.9386167749360399,0.02463509097978,2015-01-01,2016-12-31
COL,True,True,"Bolivar Sur, Sucre, Cordoba",COL-XXX,UNSPECIFIED,0.0525333394761849,13.079150352708279,40.16571264914539,15.86476370088411,1.69289210591206,2010-01-01,2010-12-31
COL,True,True,"Bolivar Sur, Sucre, Cordoba",COL-XXX,UNSPECIFIED,0.0391099115251267,9.8949630223785,39.52507092414143,12.78436227961376,1.69289210591206,2015-01-01,2016-12-31
COL,True,True,"Boyaca, Cmarca, Meta",COL-XXX,UNSPECIFIED,0.0215781877906983,5.5743556658439,38.70974348284889,9.16692327635229,0.72329971008599,2010-01-01,2010-12-31
COL,True,True,"Boyaca, Cmarca, Meta",COL-XXX,UNSPECIFIED,0.0105126807534665,2.7914297335696303,37.66056020340176,7.312181963368861,0.72329971008599,2015-01-01,2016-12-31
COL,True,True,"Caldas, Risaralda, Quindio",COL-XXX,UNSPECIFIED,0.0139901837901735,3.7565847938362795,37.24176228666065,7.72697701570743,0.36536004478830997,2010-01-01,2010-12-31
COL,True,True,"Caldas, Risaralda, Quindio",COL-XXX,UNSPECIFIED,0.0082328817867177,2.18344949175289,37.70584947265394,5.43551915954375,0.36536004478830997,2015-01-01,2016-12-31
COL,True,True,Cali A.M.,COL-XXX,UNSPECIFIED,0.004310889577925,1.06418276337737,40.50892127066244,2.43814483389438,0.17546867999993,2010-01-01,2010-12-31
COL,True,True,Cali A.M.,COL-XXX,UNSPECIFIED,0.0018743323859258,0.5427664540979099,34.5329445431735,1.30168889614497,0.17546867999993,2015-01-01,2016-12-31
COL,True,True,Cauca Y Nari Sin Litoral,COL-XXX,UNSPECIFIED,0.0509316015110229,11.99236074988432,42.47003786265701,11.06822833271409,2.97120433438663,2010-01-01,2010-12-31
COL,True,True,Cauca Y Nari Sin Litoral,COL-XXX,UNSPECIFIED,0.033755284399097,8.358546795327861,40.384154357986105,12.552145719126958,2.97120433438663,2015-01-01,2016-12-31
COL,True,True,"Guajira, Cesar, Magdalena",COL-XXX,UNSPECIFIED,0.0502265262843187,11.468944860079871,43.79350227686848,8.342203535367961,3.42698605233034,2010-01-01,2010-12-31
COL,True,True,"Guajira, Cesar, Magdalena",COL-XXX,UNSPECIFIED,0.0566016789438267,12.789271614294739,44.25715603737921,8.444765175703969,3.42698605233034,2015-01-01,2016-12-31
COL,True,True,Litoral Pacifico,COL-XXX,UNSPECIFIED,0.0787580982084096,18.890249093960023,41.69246144752627,15.58654462861636,4.12243354950093,2010-01-01,2010-12-31
COL,True,True,Litoral Pacifico,COL-XXX,UNSPECIFIED,0.0851546950480699,20.79011588911237,40.95922095973732,15.709338426709829,4.12243354950093,2015-01-01,2016-12-31
COL,True,True,Medellin A.M.,COL-XXX,UNSPECIFIED,0.0018976968794987,0.55796585224328,34.01098601050648,2.36493446693771,0.0,2010-01-01,2010-12-31
COL,True,True,Medellin A.M.,COL-XXX,UNSPECIFIED,0.0014860716541279,0.41491240919135997,35.8165150332361,1.0903280254969399,0.0,2015-01-01,2016-12-31
COL,True,True,Orinoquia Y Amazonia,COL-XXX,UNSPECIFIED,0.0406797165872544,9.68847451101856,41.98774176573401,13.217310655593332,2.19570623042123,2010-01-01,2010-12-31
COL,True,True,Orinoquia Y Amazonia,COL-XXX,UNSPECIFIED,0.0305184750718053,7.41639615256904,41.15000661235397,7.477686352570791,2.19570623042123,2015-01-01,2016-12-31
COL,True,True,Santanderes,COL-XXX,UNSPECIFIED,0.0284617989850308,7.159483166671091,39.75398547974318,10.78840380268802,1.06334349721533,2010-01-01,2010-12-31
COL,True,True,Santanderes,COL-XXX,UNSPECIFIED,0.0176262878136666,4.53932883255567,38.830162924643034,6.19943307388831,1.06334349721533,2015-01-01,2016-12-31
COL,True,True,"Tolima, Huila, Caqueta",COL-XXX,UNSPECIFIED,0.0349093768751417,8.86764045121994,39.36715416820848,10.794679171188019,1.10958778477004,2010-01-01,2010-12-31
COL,True,True,"Tolima, Huila, Caqueta",COL-XXX,UNSPECIFIED,0.0274296847153324,7.091342866145429,38.68052248084581,10.64163705136003,1.10958778477004,2015-01-01,2016-12-31
COL,True,True,Valle Sin Cali Ni Litoral,COL-XXX,UNSPECIFIED,0.0099490941714727,2.46610106297395,40.343416256732,7.15020403717941,0.41627077448661,2010-01-01,2010-12-31
COL,True,True,Valle Sin Cali Ni Litoral,COL-XXX,UNSPECIFIED,0.0061891628300914,1.6836585977088199,36.76020090126257,4.189770175498571,0.41627077448661,2015-01-01,2016-12-31
COD,True,True,Bandundu,COD-XXX,UNSPECIFIED,0.5113022614923304,91.40143060784322,55.94029087860416,8.374840786176959,64.26485991356363,2007-01-01,2007-12-31
COD,True,True,Bandundu,COD-XXX,UNSPECIFIED,0.3875418437901664,77.58945098966703,49.94774919103077,20.49575746839723,64.26485991356363,2013-01-01,2014-12-31
COD,True,True,Bandundu,COD-XXX,UNSPECIFIED,0.4302483108405075,84.6341770758119,50.83623728687149,13.7010873538703,41.4543762867158,2017-01-01,2018-12-31
COD,True,True,Bas-Congo,COD-XXX,UNSPECIFIED,0.3958425113890822,72.6724501997325,54.46940488467794,11.80311220655608,46.85274410041946,2007-01-01,2007-12-31
COD,True,True,Bas-Congo,COD-XXX,UNSPECIFIED,0.3216439680205048,63.35575929548426,50.767913066970436,24.50056283219104,46.85274410041946,2013-01-01,2014-12-31
COD,True,True,Bas-Congo,COD-XXX,UNSPECIFIED,0.2776221707473713,53.98705214374061,51.42384325934339,22.44316035705717,31.91874687969293,2017-01-01,2018-12-31
COD,True,True,Équateur,COD-XXX,UNSPECIFIED,0.5328942562289989,91.9485291454018,57.955712960488235,7.576363158297029,71.47956748046545,2007-01-01,2007-12-31
COD,True,True,Équateur,COD-XXX,UNSPECIFIED,0.4460974513668058,83.94887148855798,53.13918382185848,13.721723858573101,71.47956748046545,2013-01-01,2014-12-31
COD,True,True,Équateur,COD-XXX,UNSPECIFIED,0.4219650911563721,80.46012252679755,52.444003054536125,15.95110056409734,54.917161438926186,2017-01-01,2018-12-31
COD,True,True,Kasaï Occidental,COD-XXX,UNSPECIFIED,0.4602551517365728,84.50335969233403,54.46589974792754,12.58816668296745,55.69084470380613,2007-01-01,2007-12-31
COD,True,True,Kasaï Occidental,COD-XXX,UNSPECIFIED,0.4581019837913742,85.61063505528804,53.50993874715778,13.76576041877743,55.69084470380613,2013-01-01,2014-12-31
COD,True,True,Kasaï Occidental,COD-XXX,UNSPECIFIED,0.5140598028374022,92.10036841351861,55.815173347552815,7.26407836245883,54.33861395362412,2017-01-01,2018-12-31
COD,True,True,Kasaï Oriental,COD-XXX,UNSPECIFIED,0.436052071798688,82.32221340576434,52.96894407459589,12.60138910670992,48.75004436733342,2007-01-01,2007-12-31
COD,True,True,Kasaï Oriental,COD-XXX,UNSPECIFIED,0.3917751058133963,77.12545982860965,50.79711766827838,18.26880643874613,48.75004436733342,2013-01-01,2014-12-31
COD,True,True,Kasaï Oriental,COD-XXX,UNSPECIFIED,0.4023363836114754,76.65150092198085,52.48904180245477,17.60389721844238,44.026707020504865,2017-01-01,2018-12-31
COD,True,True,Katanga,COD-XXX,UNSPECIFIED,0.3775020568786921,65.70215402416794,57.45657238875784,16.97844472377087,44.78707045262378,2007-01-01,2007-12-31
COD,True,True,Katanga,COD-XXX,UNSPECIFIED,0.3880723677781511,72.50243189859317,53.52542771543656,15.044712796019569,44.78707045262378,2013-01-01,2014-12-31
COD,True,True,Katanga,COD-XXX,UNSPECIFIED,0.3398507601507121,64.85606502149331,52.400767767530354,19.35528276544935,46.720279775678456,2017-01-01,2018-12-31
COD,True,True,Kinshasa,COD-XXX,UNSPECIFIED,0.1094055708104741,23.52613123518267,46.50385127787653,26.92590814398581,10.36872830677138,2007-01-01,2007-12-31
COD,True,True,Kinshasa,COD-XXX,UNSPECIFIED,0.0811385437404664,19.6149680220169,41.36562631628667,22.34015209200669,10.36872830677138,2013-01-01,2014-12-31
COD,True,True,Kinshasa,COD-XXX,UNSPECIFIED,0.0645810459536677,15.190109211901328,42.51519528448744,18.537481104528748,3.7422290130847697,2017-01-01,2018-12-31
COD,True,True,Maniema,COD-XXX,UNSPECIFIED,0.4696784867455233,88.08443622703976,53.32139329755326,10.59792983554669,53.61741106604085,2007-01-01,2007-12-31
COD,True,True,Maniema,COD-XXX,UNSPECIFIED,0.419317429679928,80.35057180003578,52.18599199560906,15.73152855152168,53.61741106604085,2013-01-01,2014-12-31
COD,True,True,Maniema,COD-XXX,UNSPECIFIED,0.4531413399689516,86.05418369808507,52.6576768839927,13.22551468315652,45.11015956794162,2017-01-01,2018-12-31
COD,True,True,Nord-Kivu,COD-XXX,UNSPECIFIED,0.5218773250782052,88.97679705226047,58.65319300847398,8.192033165314589,62.31232671215682,2007-01-01,2007-12-31
COD,True,True,Nord-Kivu,COD-XXX,UNSPECIFIED,0.3740912046037191,68.79110390659994,54.38075323106247,19.49418299963454,62.31232671215682,2013-01-01,2014-12-31
COD,True,True,Nord-Kivu,COD-XXX,UNSPECIFIED,0.357731255359483,67.47239864492241,53.01890292089146,14.713725227840218,42.5072991045626,2017-01-01,2018-12-31
COD,True,True,Orientale,COD-XXX,UNSPECIFIED,0.5204473851679129,90.03522583270198,57.80486252513839,6.396665918978151,68.53119791419238,2007-01-01,2007-12-31
COD,True,True,Orientale,COD-XXX,UNSPECIFIED,0.3891902378705329,74.22558742070315,52.43343318586916,20.462970073300728,68.53119791419238,2013-01-01,2014-12-31
COD,True,True,Orientale,COD-XXX,UNSPECIFIED,0.3638191639800154,70.9816855928242,51.25535706027179,19.76321518726773,40.29149711164945,2017-01-01,2018-12-31
COD,True,True,Sud-Kivu,COD-XXX,UNSPECIFIED,0.4727392649761026,81.53512563211098,57.97982909956095,12.043834645805159,63.44815535866748,2007-01-01,2007-12-31
COD,True,True,Sud-Kivu,COD-XXX,UNSPECIFIED,0.4298227147304888,78.00964995264617,55.09865958780766,15.326188660569889,63.44815535866748,2013-01-01,2014-12-31
COD,True,True,Sud-Kivu,COD-XXX,UNSPECIFIED,0.3290394589190056,62.804589051405614,52.39098987650193,20.05177496533693,49.886013976788476,2017-01-01,2018-12-31
ETH,True,True,Addis Ababa,ETH-XXX,UNSPECIFIED,0.0728628690946791,18.1136964445307,40.225289916835,12.12839502137521,4.04546275036593,2011-01-01,2011-12-31
ETH,True,True,Addis Ababa,ETH-XXX,UNSPECIFIED,0.032357013900098,8.4304255045464,38.38123459207171,10.07098237817104,4.04546275036593,2016-01-01,2016-12-31
ETH,True,True,Addis Ababa,ETH-XXX,UNSPECIFIED,0.0433102732670903,11.40579532441273,37.972164180773845,7.681794228733629,1.6578108392015198,2019-01-01,2019-12-31
ETH,True,True,Afar,ETH-XXX,UNSPECIFIED,0.5581892897364598,84.62227281924471,65.96245540801847,7.6664279619980995,72.94790967054729,2011-01-01,2011-12-31
ETH,True,True,Afar,ETH-XXX,UNSPECIFIED,0.5239464794685296,85.92005132599128,60.98069907810133,5.5355143401732,72.94790967054729,2016-01-01,2016-12-31
ETH,True,True,Afar,ETH-XXX,UNSPECIFIED,0.4865077604262325,84.66766521534127,57.460868820329814,7.630993849288881,69.6214725988938,2019-01-01,2019-12-31
ETH,True,True,Amhara,ETH-XXX,UNSPECIFIED,0.4944859812060596,84.9897419029648,58.18184290648015,8.96971844217627,63.24014512190404,2011-01-01,2011-12-31
ETH,True,True,Amhara,ETH-XXX,UNSPECIFIED,0.4394154962464911,79.44618877875317,55.309827066746195,13.835106802145312,63.24014512190404,2016-01-01,2016-12-31
ETH,True,True,Amhara,ETH-XXX,UNSPECIFIED,0.3603275618177063,69.2821248963915,52.00873419465135,20.96568525865777,55.63551785805271,2019-01-01,2019-12-31
ETH,True,True,Benishangul-Gumuz,ETH-XXX,UNSPECIFIED,0.5125893506548662,86.65104393359621,59.155588598295694,9.316258236502401,64.92234026205998,2011-01-01,2011-12-31
ETH,True,True,Benishangul-Gumuz,ETH-XXX,UNSPECIFIED,0.4214730128593996,76.48308774160002,55.106694212367124,17.627685077301532,64.92234026205998,2016-01-01,2016-12-31
ETH,True,True,Benishangul-Gumuz,ETH-XXX,UNSPECIFIED,0.3409375528782991,65.37984189107918,52.147197517897126,25.57411821635019,49.65594733966953,2019-01-01,2019-12-31
ETH,True,True,Dire Dawa,ETH-XXX,UNSPECIFIED,0.2843853224685984,48.67595138025749,58.424193961197545,12.993946130679952,35.32587158932609,2011-01-01,2011-12-31
ETH,True,True,Dire Dawa,ETH-XXX,UNSPECIFIED,0.2556630610890753,44.960033922171974,56.864516946682166,14.268863567886639,35.32587158932609,2016-01-01,2016-12-31
ETH,True,True,Dire Dawa,ETH-XXX,UNSPECIFIED,0.1776791588090117,33.25179566696802,53.434455266280956,13.146412817940101,31.29368070858541,2019-01-01,2019-12-31
ETH,True,True,Gambela,ETH-XXX,UNSPECIFIED,0.358875653487135,70.1065454353043,51.19003528968812,18.33458269313457,36.599541745483634,2011-01-01,2011-12-31
ETH,True,True,Gambela,ETH-XXX,UNSPECIFIED,0.2672199102024221,56.60748851365466,47.20575266962502,25.467900823766847,36.599541745483634,2016-01-01,2016-12-31
ETH,True,True,Gambela,ETH-XXX,UNSPECIFIED,0.2481331928392169,54.12123897749051,45.84765565740608,29.92592600490458,22.86337215275634,2019-01-01,2019-12-31
ETH,True,True,Harari,ETH-XXX,UNSPECIFIED,0.2676415428735838,48.045424017472236,55.705938358719244,16.71414985374239,31.08958131244528,2011-01-01,2011-12-31
ETH,True,True,Harari,ETH-XXX,UNSPECIFIED,0.2701954080118561,50.51931602033356,53.483583962836114,11.47436581641251,31.08958131244528,2016-01-01,2016-12-31
ETH,True,True,Harari,ETH-XXX,UNSPECIFIED,0.2410146476802296,45.96946728552007,52.429288811042404,13.15407394114034,28.50307463605356,2019-01-01,2019-12-31
ETH,True,True,Oromia,ETH-XXX,UNSPECIFIED,0.5177685578329555,87.39095386498896,59.247386020395275,7.3129464510521505,68.23656104559417,2011-01-01,2011-12-31
ETH,True,True,Oromia,ETH-XXX,UNSPECIFIED,0.4765122690430154,82.03738440823587,58.084771044355435,9.68095461977362,68.23656104559417,2016-01-01,2016-12-31
ETH,True,True,Oromia,ETH-XXX,UNSPECIFIED,0.3848347562956121,71.5911276876093,53.75453198262971,17.099506470207128,58.85009134439771,2019-01-01,2019-12-31
ETH,True,True,SNNPR,ETH-XXX,UNSPECIFIED,0.5218677838156529,87.85883568940703,59.398440660029536,7.002160106064769,69.4451107858343,2011-01-01,2011-12-31
ETH,True,True,SNNPR,ETH-XXX,UNSPECIFIED,0.4358164000780936,79.1733288850283,55.04586029355482,16.45204794894385,69.4451107858343,2016-01-01,2016-12-31
ETH,True,True,SNNPR,ETH-XXX,UNSPECIFIED,0.3625548085001494,69.59171808436672,52.09740734675076,23.97782339162275,53.24220465523166,2019-01-01,2019-12-31
ETH,True,True,Somali,ETH-XXX,UNSPECIFIED,0.5429945965793085,87.88406431878893,61.78533057024542,6.87137933788405,71.66308955247428,2011-01-01,2011-12-31
ETH,True,True,Somali,ETH-XXX,UNSPECIFIED,0.5182571083713281,87.24673306871617,59.40131969905911,9.02877089514902,71.66308955247428,2016-01-01,2016-12-31
ETH,True,True,Somali,ETH-XXX,UNSPECIFIED,0.5294925831669299,89.99626822336721,58.834948783959575,7.255758017301759,67.87388313750658,2019-01-01,2019-12-31
ETH,True,True,Tigray,ETH-XXX,UNSPECIFIED,0.4622264775270027,79.49670366970129,58.14410613143092,9.07445443504287,59.498784588525346,2011-01-01,2011-12-31
ETH,True,True,Tigray,ETH-XXX,UNSPECIFIED,0.3770758809623693,72.09526679552779,52.302446155280755,14.72139835461547,59.498784588525346,2016-01-01,2016-12-31
ETH,True,True,Tigray,ETH-XXX,UNSPECIFIED,0.3049748507001339,58.04230164552659,52.54354876597812,16.216178473944,44.35620768241167,2019-01-01,2019-12-31
HTI,True,True,Aire Métropolitaine,HTI-XXX,UNSPECIFIED,0.1510325861446425,32.04240077977034,47.13522784472365,19.71270015964623,12.64473819365824,2012-01-01,2012-12-31
HTI,True,True,Aire Métropolitaine,HTI-XXX,UNSPECIFIED,0.1299457978162505,26.86023664034766,48.37850073928783,18.6037141226758,12.64473819365824,2016-01-01,2017-12-31
HTI,True,True,Artibonite,HTI-XXX,UNSPECIFIED,0.2973542557276201,59.13528974081237,50.28372348066815,20.63193805590939,32.89972466334505,2012-01-01,2012-12-31
HTI,True,True,Artibonite,HTI-XXX,UNSPECIFIED,0.2454566814813658,50.05265948148053,49.03968820521608,19.727385987703812,32.89972466334505,2016-01-01,2017-12-31
HTI,True,True,Centre,HTI-XXX,UNSPECIFIED,0.3688919584737133,72.48279331229877,50.8937282375844,16.97563951422942,41.328030854554335,2012-01-01,2012-12-31
HTI,True,True,Centre,HTI-XXX,UNSPECIFIED,0.282519858154702,56.070018619029206,50.38697419993714,22.204785394731942,41.328030854554335,2016-01-01,2017-12-31
HTI,True,True,Grande Anse,HTI-XXX,UNSPECIFIED,0.3738514216512382,72.70589055756545,51.41968811388653,16.05594267854911,45.26948237550827,2012-01-01,2012-12-31
HTI,True,True,Grande Anse,HTI-XXX,UNSPECIFIED,0.283577766422171,58.534230040068124,48.44648442937664,27.22935377939557,45.26948237550827,2016-01-01,2017-12-31
HTI,True,True,Nippes,HTI-XXX,UNSPECIFIED,0.2512689153554259,53.0738951191751,47.34322114312745,23.32526269975384,22.74146166287778,2012-01-01,2012-12-31
HTI,True,True,Nippes,HTI-XXX,UNSPECIFIED,0.1781811978829977,40.19523061633244,44.32894031228614,26.789970160729137,22.74146166287778,2016-01-01,2017-12-31
HTI,True,True,Nord,HTI-XXX,UNSPECIFIED,0.2387555086514781,49.16676606367691,48.560344266340536,18.38302665838589,22.737065867897897,2012-01-01,2012-12-31
HTI,True,True,Nord,HTI-XXX,UNSPECIFIED,0.1850265730884904,39.25641010215817,47.13283069108714,24.09876698900124,22.737065867897897,2016-01-01,2017-12-31
HTI,True,True,Nord-Est,HTI-XXX,UNSPECIFIED,0.3013240517532296,59.68306264693519,50.48736415149484,22.25917663737994,31.37150616697365,2012-01-01,2012-12-31
HTI,True,True,Nord-Est,HTI-XXX,UNSPECIFIED,0.1908201950357876,40.58437379882816,47.01814446655262,26.356779726045282,31.37150616697365,2016-01-01,2017-12-31
HTI,True,True,Nord-Ouest,HTI-XXX,UNSPECIFIED,0.2941344079524507,60.545796351859636,48.58048381147712,23.52806741674337,29.08302398843139,2012-01-01,2012-12-31
HTI,True,True,Nord-Ouest,HTI-XXX,UNSPECIFIED,0.2200603347871844,48.213845521079314,45.64256022494057,28.709503980914892,29.08302398843139,2016-01-01,2017-12-31
HTI,True,True,Sud,HTI-XXX,UNSPECIFIED,0.2407012208407607,49.548434149752765,48.57897630291951,24.088301042938003,22.497989356890592,2012-01-01,2012-12-31
HTI,True,True,Sud,HTI-XXX,UNSPECIFIED,0.2160608737326589,44.42605555881809,48.63381882881862,24.25621057126023,22.497989356890592,2016-01-01,2017-12-31
HTI,True,True,Sud-Est,HTI-XXX,UNSPECIFIED,0.2957219036624559,61.8820632206322,47.78798383113035,20.13169010053897,27.65184211877721,2012-01-01,2012-12-31
HTI,True,True,Sud-Est,HTI-XXX,UNSPECIFIED,0.2159229161536214,46.50983920691422,46.42521234980361,26.3474197361328,27.65184211877721,2016-01-01,2017-12-31
HND,True,True,Atlántida,HND-XXX,UNSPECIFIED,0.0745765507559292,16.76754159619901,44.47673520179889,17.27517492025218,4.21344669010188,2005-01-01,2006-12-31
HND,True,True,Atlántida,HND-XXX,UNSPECIFIED,0.054734061002803,12.11339764002712,45.184730683604,16.725943618336007,4.21344669010188,2011-01-01,2012-12-31
HND,True,True,Atlántida,HND-XXX,UNSPECIFIED,0.0212871123122327,5.52799822557355,38.50781321483517,13.455035944109861,3.19562822832495,2019-01-01,2019-12-31
HND,True,True,Choluteca,HND-XXX,UNSPECIFIED,0.2574716040784287,50.998600699461875,50.486013448825005,26.310741710665692,25.780284766005863,2005-01-01,2006-12-31
HND,True,True,Choluteca,HND-XXX,UNSPECIFIED,0.12901303339401,29.35542393909906,43.94861871579889,31.374537474319553,25.780284766005863,2011-01-01,2012-12-31
HND,True,True,Choluteca,HND-XXX,UNSPECIFIED,0.0528387347985075,11.84838101061366,44.59574244884186,26.58522217472662,7.54040969456787,2019-01-01,2019-12-31
HND,True,True,Colón,HND-XXX,UNSPECIFIED,0.1306272292578591,25.84922935505869,50.53428381310518,20.13755652003646,11.34028521340064,2005-01-01,2006-12-31
HND,True,True,Colón,HND-XXX,UNSPECIFIED,0.0586041280916875,13.145560797044,44.58092659300288,19.86086931987537,11.34028521340064,2011-01-01,2012-12-31
HND,True,True,Colón,HND-XXX,UNSPECIFIED,0.0342777859367752,7.3581436583319695,46.58482835947467,19.494456859338978,3.72984902866154,2019-01-01,2019-12-31
HND,True,True,Comayauga,HND-XXX,UNSPECIFIED,0.2047888853456984,40.39437862420001,50.69737233759818,25.072997112322582,18.54993013207787,2005-01-01,2006-12-31
HND,True,True,Comayauga,HND-XXX,UNSPECIFIED,0.1264642521093427,27.41120419804166,46.13597096853474,29.72010097551933,18.54993013207787,2011-01-01,2012-12-31
HND,True,True,Comayauga,HND-XXX,UNSPECIFIED,0.0663991133778257,14.056257981953099,47.23811519614665,22.00849330301496,8.39286484007501,2019-01-01,2019-12-31
HND,True,True,Copán,HND-XXX,UNSPECIFIED,0.3357029510167951,60.626188736773635,55.372596894445735,19.22063824548917,37.397597585612544,2005-01-01,2006-12-31
HND,True,True,Copán,HND-XXX,UNSPECIFIED,0.189684630728667,37.9353646077323,50.0020581560468,23.276899938183853,37.397597585612544,2011-01-01,2012-12-31
HND,True,True,Copán,HND-XXX,UNSPECIFIED,0.0991603693128142,20.89921607771048,47.44693243234664,23.44717755297313,17.50376173639488,2019-01-01,2019-12-31
HND,True,True,Cortés,HND-XXX,UNSPECIFIED,0.0631888137411326,13.87266979953755,45.54913701127596,16.59074863969699,4.80294423152192,2005-01-01,2006-12-31
HND,True,True,Cortés,HND-XXX,UNSPECIFIED,0.0244163088175611,5.55624425061937,43.94390836011085,10.39094189309422,4.80294423152192,2011-01-01,2012-12-31
HND,True,True,Cortés,HND-XXX,UNSPECIFIED,0.0113622223266714,2.79482133043604,40.654557065723964,8.18705741367132,1.13538861378833,2019-01-01,2019-12-31
HND,True,True,El Paraíso,HND-XXX,UNSPECIFIED,0.2646136001746167,51.629046169427674,51.25285470241917,27.630988393997868,27.26282097998635,2005-01-01,2006-12-31
HND,True,True,El Paraíso,HND-XXX,UNSPECIFIED,0.1861078304339259,38.608155321108676,48.20427935135586,30.34949524018608,27.26282097998635,2011-01-01,2012-12-31
HND,True,True,El Paraíso,HND-XXX,UNSPECIFIED,0.0493481551101612,11.3701668965465,43.401434261400205,25.689625978581237,16.538854439516072,2019-01-01,2019-12-31
HND,True,True,Francisco Morazán,HND-XXX,UNSPECIFIED,0.0991660848177687,20.80961857566446,47.65396562036839,20.619163748845,7.38611495423864,2005-01-01,2006-12-31
HND,True,True,Francisco Morazán,HND-XXX,UNSPECIFIED,0.0407170663326342,9.03673206355409,45.05729067352751,16.06668487188475,7.38611495423864,2011-01-01,2012-12-31
HND,True,True,Francisco Morazán,HND-XXX,UNSPECIFIED,0.0212900817387359,4.9516860575297095,42.99562107004239,11.828205760428299,2.6535065496745203,2019-01-01,2019-12-31
HND,True,True,Intibucá,HND-XXX,UNSPECIFIED,0.3680186109439139,68.94929690220117,53.375252174930445,17.23108541359916,40.84710735770262,2005-01-01,2006-12-31
HND,True,True,Intibucá,HND-XXX,UNSPECIFIED,0.2260842820913352,45.48383834955033,49.70650901400239,33.32720952976826,40.84710735770262,2011-01-01,2012-12-31
HND,True,True,Intibucá,HND-XXX,UNSPECIFIED,0.1006265455765605,22.30575731231901,45.1123645647245,32.36025804689694,19.66824207798622,2019-01-01,2019-12-31
HND,True,True,La Paz,HND-XXX,UNSPECIFIED,0.325453187288085,62.18140777801145,52.33930831060594,20.83433465286103,36.44041964080918,2005-01-01,2006-12-31
HND,True,True,La Paz,HND-XXX,UNSPECIFIED,0.1514715527264661,33.32030690654107,45.45923095826313,27.72250816632342,36.44041964080918,2011-01-01,2012-12-31
HND,True,True,La Paz,HND-XXX,UNSPECIFIED,0.0714493145818824,15.68636959961214,45.54866193108764,28.88292906135667,10.51829864936993,2019-01-01,2019-12-31
HND,True,True,Lempira,HND-XXX,UNSPECIFIED,0.4283194298505488,77.27894875990981,55.425110812680856,15.27638154843755,50.98148373896508,2005-01-01,2006-12-31
HND,True,True,Lempira,HND-XXX,UNSPECIFIED,0.2869618013114077,55.62474790720032,51.58887223905283,30.365353257032464,50.98148373896508,2011-01-01,2012-12-31
HND,True,True,Lempira,HND-XXX,UNSPECIFIED,0.1002980878991331,22.356619376297328,44.86281499494952,29.387800746121467,28.54463931208082,2019-01-01,2019-12-31
HND,True,True,Ocotepeque,HND-XXX,UNSPECIFIED,0.2738043656567337,52.72018572130891,51.935394746924246,21.8732298402326,27.987331855639457,2005-01-01,2006-12-31
HND,True,True,Ocotepeque,HND-XXX,UNSPECIFIED,0.1312502026958561,27.81211493648253,47.19173748404465,30.439380027324148,27.987331855639457,2011-01-01,2012-12-31
HND,True,True,Ocotepeque,HND-XXX,UNSPECIFIED,0.0523515419536547,11.90883075034865,43.960270366695795,24.33389801050707,11.33444714560226,2019-01-01,2019-12-31
HND,True,True,Olancho,HND-XXX,UNSPECIFIED,0.3009562658714915,58.35668989924901,51.57185343978264,24.268142824386018,30.212995499276502,2005-01-01,2006-12-31
HND,True,True,Olancho,HND-XXX,UNSPECIFIED,0.154875115683474,32.71331715585791,47.343140087444056,27.80007407983326,30.212995499276502,2011-01-01,2012-12-31
HND,True,True,Olancho,HND-XXX,UNSPECIFIED,0.0958643661515027,20.59548523242215,46.5463013226751,19.207979965793818,11.99384657427297,2019-01-01,2019-12-31
HND,True,True,Santa Bárbara,HND-XXX,UNSPECIFIED,0.2749803242066351,55.479497405818954,49.564314217776925,26.898895175835708,24.8891219748907,2005-01-01,2006-12-31
HND,True,True,Santa Bárbara,HND-XXX,UNSPECIFIED,0.1491307660399217,32.7966898052578,45.471285951551685,32.01150277719645,24.8891219748907,2011-01-01,2012-12-31
HND,True,True,Santa Bárbara,HND-XXX,UNSPECIFIED,0.045006796447032,10.268977660212899,43.82792322298122,24.40800461088094,9.83213229077095,2019-01-01,2019-12-31
HND,True,True,Valle,HND-XXX,UNSPECIFIED,0.2307293194560268,48.80158979363992,47.27905800439654,29.892362654892217,19.06065360370912,2005-01-01,2006-12-31
HND,True,True,Valle,HND-XXX,UNSPECIFIED,0.154447482024399,34.81476709952799,44.36263542503862,34.4378422739387,19.06065360370912,2011-01-01,2012-12-31
HND,True,True,Valle,HND-XXX,UNSPECIFIED,0.0440484210993965,10.57301894516165,41.661157828108905,27.19836453125112,8.59543251715673,2019-01-01,2019-12-31
HND,True,True,Yoro,HND-XXX,UNSPECIFIED,0.1113500501789539,23.01913797620459,48.372814956867174,22.8784502225303,9.133501483566391,2005-01-01,2006-12-31
HND,True,True,Yoro,HND-XXX,UNSPECIFIED,0.131163970434304,27.05283540004143,48.48437085973736,26.101994868895538,9.133501483566391,2011-01-01,2012-12-31
HND,True,True,Yoro,HND-XXX,UNSPECIFIED,0.0652360623948074,14.2688462956099,45.71922707926185,17.35049148752783,10.43779624241551,2019-01-01,2019-12-31
MLI,True,True,Bamako,MLI-XXX,UNSPECIFIED,0.1863776755447209,40.25466284091798,46.29964888322752,26.950565626243026,14.90089012047982,2006-01-01,2006-12-31
MLI,True,True,Bamako,MLI-XXX,UNSPECIFIED,0.0880857069305947,20.55591571981429,42.85175524712186,29.22164393020893,14.90089012047982,2015-01-01,2015-12-31
MLI,True,True,Bamako,MLI-XXX,UNSPECIFIED,0.1019801346915958,23.49482059627199,43.40536854653719,33.36130664500967,4.63153686365757,2018-01-01,2018-12-31
MLI,True,True,Gao,MLI-XXX,UNSPECIFIED,0.5001608771044102,84.54351532780994,59.16017037676763,8.290945334137561,61.56454759047276,2006-01-01,2006-12-31
MLI,True,True,Gao,MLI-XXX,UNSPECIFIED,0.4959252471883632,86.15701037167149,57.56063784583496,7.504892524727761,61.56454759047276,2015-01-01,2015-12-31
MLI,True,True,Gao,MLI-XXX,UNSPECIFIED,0.4598473462429528,82.38523084677222,55.816721215264955,10.9651492098563,64.30396304949328,2018-01-01,2018-12-31
MLI,True,True,Kayes,MLI-XXX,UNSPECIFIED,0.5292209117293103,89.18579784020883,59.33914642749482,5.15662472382202,66.6309650573576,2006-01-01,2006-12-31
MLI,True,True,Kayes,MLI-XXX,UNSPECIFIED,0.4220984158103152,75.1079617085137,56.19889106409798,11.40088465356611,66.6309650573576,2015-01-01,2015-12-31
MLI,True,True,Kayes,MLI-XXX,UNSPECIFIED,0.4094082928463082,73.8691677266497,55.423433814945554,13.1700006971341,49.81729385895477,2018-01-01,2018-12-31
MLI,True,True,Koulikoro,MLI-XXX,UNSPECIFIED,0.5509583232520611,89.6831335169152,61.43388412584228,4.81500436889203,70.70519515355801,2006-01-01,2006-12-31
MLI,True,True,Koulikoro,MLI-XXX,UNSPECIFIED,0.4224022484691945,75.26316079839141,56.12337350549085,12.96836258023028,70.70519515355801,2015-01-01,2015-12-31
MLI,True,True,Koulikoro,MLI-XXX,UNSPECIFIED,0.3350608357173123,62.334937266338066,53.7516921346532,16.76235669748855,51.24005103986514,2018-01-01,2018-12-31
MLI,True,True,Mopti,MLI-XXX,UNSPECIFIED,0.5826686448559538,93.70384200685092,62.18193751472364,3.41824119793247,80.6344512405468,2006-01-01,2006-12-31
MLI,True,True,Mopti,MLI-XXX,UNSPECIFIED,0.5390124556514561,90.21525676838921,59.747372557534185,4.79262094315325,80.6344512405468,2015-01-01,2015-12-31
MLI,True,True,Mopti,MLI-XXX,UNSPECIFIED,0.4884923836978308,85.66766509280852,57.02179266455085,8.57642572202444,71.19439360780534,2018-01-01,2018-12-31
MLI,True,True,Ségou,MLI-XXX,UNSPECIFIED,0.4988757655218738,85.03796377787285,58.6650647968223,7.03505170225055,64.15201988740257,2006-01-01,2006-12-31
MLI,True,True,Ségou,MLI-XXX,UNSPECIFIED,0.4233237944932216,76.50851296972805,55.330286534351735,11.85748513065361,64.15201988740257,2015-01-01,2015-12-31
MLI,True,True,Ségou,MLI-XXX,UNSPECIFIED,0.404443456034365,74.12493942667726,54.5623995328092,12.579502894475162,50.201767712158706,2018-01-01,2018-12-31
MLI,True,True,Sikasso,MLI-XXX,UNSPECIFIED,0.5604840223005618,91.56476056704152,61.21176081601713,4.66465969126133,72.61610779478384,2006-01-01,2006-12-31
MLI,True,True,Sikasso,MLI-XXX,UNSPECIFIED,0.4771893988012975,80.57147412306126,59.225601119381146,10.15197680671767,72.61610779478384,2015-01-01,2015-12-31
MLI,True,True,Sikasso,MLI-XXX,UNSPECIFIED,0.3938167410800737,74.50195963210261,52.859917111546594,12.82325998804175,58.930266635543646,2018-01-01,2018-12-31
MLI,True,True,Timbuktu,MLI-XXX,UNSPECIFIED,0.5569595692286697,88.32393526027998,63.05873573085,6.385755025762729,70.9184365831249,2006-01-01,2006-12-31
MLI,True,True,Timbuktu,MLI-XXX,UNSPECIFIED,0.5505019295554935,89.72584204726553,61.35377690470685,4.9248883874883,70.9184365831249,2015-01-01,2015-12-31
MLI,True,True,Timbuktu,MLI-XXX,UNSPECIFIED,0.5265793164669904,86.53754302081127,60.849811317193804,6.392900729591861,72.64808726141372,2018-01-01,2018-12-31
MOZ,True,True,Cabo Delgado,MOZ-XXX,UNSPECIFIED,0.5953419400329396,95.50450807584986,62.33652756581062,3.4001707600227102,77.20384010574321,2003-01-01,2003-12-31
MOZ,True,True,Cabo Delgado,MOZ-XXX,UNSPECIFIED,0.5312676545832781,87.62804559685755,60.627582295676596,8.58912561283266,77.20384010574321,2011-01-01,2011-12-31
MOZ,True,True,Gaza,MOZ-XXX,UNSPECIFIED,0.5106019650354876,86.26384111936054,59.19072909459063,9.639021557615859,62.48232486578546,2003-01-01,2003-12-31
MOZ,True,True,Gaza,MOZ-XXX,UNSPECIFIED,0.3401098377101283,64.45895328774158,52.763785380115436,17.2194894670548,62.48232486578546,2011-01-01,2011-12-31
MOZ,True,True,Inhambane,MOZ-XXX,UNSPECIFIED,0.4899898671435168,83.47036911763087,58.70225234693728,10.60087257449995,61.457771738907354,2003-01-01,2003-12-31
MOZ,True,True,Inhambane,MOZ-XXX,UNSPECIFIED,0.3477314726948262,67.4937540844367,51.520541035516246,18.392030099766572,61.457771738907354,2011-01-01,2011-12-31
MOZ,True,True,Manica,MOZ-XXX,UNSPECIFIED,0.5210937586957768,86.63987401811265,60.14479644636126,10.68276277726758,65.47248067369394,2003-01-01,2003-12-31
MOZ,True,True,Manica,MOZ-XXX,UNSPECIFIED,0.2926309860855495,59.545926860481735,49.14374525921723,21.98634557175793,65.47248067369394,2011-01-01,2011-12-31
MOZ,True,True,Maputo,MOZ-XXX,UNSPECIFIED,0.2920636668319798,58.55393005837581,49.87943021771629,21.06873904619178,27.49393593019485,2003-01-01,2003-12-31
MOZ,True,True,Maputo,MOZ-XXX,UNSPECIFIED,0.1418163086888514,30.515500003089418,46.473532688140004,22.15916056288649,27.49393593019485,2011-01-01,2011-12-31
MOZ,True,True,Maputo City,MOZ-XXX,UNSPECIFIED,0.1402237099210124,30.704066969947302,45.669425505833274,24.52707933026808,10.36875519296154,2003-01-01,2003-12-31
MOZ,True,True,Maputo City,MOZ-XXX,UNSPECIFIED,0.0417793829746745,10.113232581472879,41.31160105149068,22.00621691546231,10.36875519296154,2011-01-01,2011-12-31
MOZ,True,True,Nampula,MOZ-XXX,UNSPECIFIED,0.5750121734310706,91.18381730431494,63.06077003905607,6.00435283804801,74.58991041212923,2003-01-01,2003-12-31
MOZ,True,True,Nampula,MOZ-XXX,UNSPECIFIED,0.4414327634326982,78.20974389241954,56.44216966621263,12.88949911802544,74.58991041212923,2011-01-01,2011-12-31
MOZ,True,True,Niassa,MOZ-XXX,UNSPECIFIED,0.6019334787808872,94.95790122197188,63.38950956527758,3.4260714289561602,79.32308417273383,2003-01-01,2003-12-31
MOZ,True,True,Niassa,MOZ-XXX,UNSPECIFIED,0.4644199783924143,81.5675529307665,56.93685316103675,11.559637573250239,79.32308417273383,2011-01-01,2011-12-31
MOZ,True,True,Sofala,MOZ-XXX,UNSPECIFIED,0.5253363901016143,84.39305174861194,62.248772762297335,7.87663582731856,65.27379293614983,2003-01-01,2003-12-31
MOZ,True,True,Sofala,MOZ-XXX,UNSPECIFIED,0.3770678412168388,69.75503687570497,54.05600199003951,13.466403188368131,65.27379293614983,2011-01-01,2011-12-31
MOZ,True,True,Tete,MOZ-XXX,UNSPECIFIED,0.591441901570384,91.36669430664578,64.73276789301154,4.77678604578071,77.41420684002989,2003-01-01,2003-12-31
MOZ,True,True,Tete,MOZ-XXX,UNSPECIFIED,0.4766279540548054,81.69787491572215,58.34031234551511,12.188106601729611,77.41420684002989,2011-01-01,2011-12-31
MOZ,True,True,Zambezia,MOZ-XXX,UNSPECIFIED,0.6004143670520197,95.44560112248286,62.9064472318136,2.91035478124749,81.48199079163166,2003-01-01,2003-12-31
MOZ,True,True,Zambezia,MOZ-XXX,UNSPECIFIED,0.515176403502583,87.21296434147278,59.07108047439671,9.49533055542113,81.48199079163166,2011-01-01,2011-12-31
NER,True,True,Agadez,NER-XXX,UNSPECIFIED,0.4880537192369807,77.86345782575324,62.68071478782408,9.081765350766439,61.07919025252203,2006-01-01,2006-12-31
NER,True,True,Agadez,NER-XXX,UNSPECIFIED,0.3868406370841638,65.08779456446098,59.43366796689487,14.9438976516422,61.07919025252203,2012-01-01,2012-12-31
NER,True,True,Diffa,NER-XXX,UNSPECIFIED,0.6464871225278905,95.95027350365241,67.37730898737684,2.62857802708329,86.64694307872018,2006-01-01,2006-12-31
NER,True,True,Diffa,NER-XXX,UNSPECIFIED,0.5692815725330483,92.1616330374056,61.76990942662597,3.9076596021632097,86.64694307872018,2012-01-01,2012-12-31
NER,True,True,Dosso,NER-XXX,UNSPECIFIED,0.7046989834860578,96.69025072889916,72.8821135712946,1.91444315123506,88.90052033858848,2006-01-01,2006-12-31
NER,True,True,Dosso,NER-XXX,UNSPECIFIED,0.6168569591228911,93.83632258949933,65.73754619748067,4.01368608731722,88.90052033858848,2012-01-01,2012-12-31
NER,True,True,Maradi,NER-XXX,UNSPECIFIED,0.6931946713593267,96.13443962776049,72.10679898311436,2.31435564112543,88.59159617362545,2006-01-01,2006-12-31
NER,True,True,Maradi,NER-XXX,UNSPECIFIED,0.6441027757204293,94.50557055197768,68.15500630898528,3.35493048226856,88.59159617362545,2012-01-01,2012-12-31
NER,True,True,Niamey,NER-XXX,UNSPECIFIED,0.2993095446327241,55.323637235130164,54.10156663428203,15.422631705469941,31.74368087824073,2006-01-01,2006-12-31
NER,True,True,Niamey,NER-XXX,UNSPECIFIED,0.2096354691413051,41.855551781134395,50.085463031882526,23.72454843196331,31.74368087824073,2012-01-01,2012-12-31
NER,True,True,Tahoua,NER-XXX,UNSPECIFIED,0.704640198107903,96.3077912306159,73.16544062573209,2.99892510392886,89.96587698838539,2006-01-01,2006-12-31
NER,True,True,Tahoua,NER-XXX,UNSPECIFIED,0.6258195419469168,93.8918320028538,66.6532464642819,4.3668314921254,89.96587698838539,2012-01-01,2012-12-31
NER,True,True,Tillaberi,NER-XXX,UNSPECIFIED,0.7384039693672391,97.30141266167574,75.8883092411746,1.92356595453382,92.67623582747754,2006-01-01,2006-12-31
NER,True,True,Tillaberi,NER-XXX,UNSPECIFIED,0.6091612347572177,92.5244428319694,65.83787117351203,5.67206071087444,92.67623582747754,2012-01-01,2012-12-31
NER,True,True,Zinder,NER-XXX,UNSPECIFIED,0.68938158353248,95.46496584311586,72.21304459118419,3.46702573724101,88.70195936963277,2006-01-01,2006-12-31
NER,True,True,Zinder,NER-XXX,UNSPECIFIED,0.6244960414265842,93.56287674606905,66.74613512808881,4.09859850741583,88.70195936963277,2012-01-01,2012-12-31
NGA,True,True,Abia,NGA-XXX,UNSPECIFIED,0.067478164335695,15.234834352945539,44.29202364294074,16.33759358553645,4.90881758895115,2013-01-01,2013-12-31
NGA,True,True,Abia,NGA-XXX,UNSPECIFIED,0.034556660475224,8.03056474514759,43.03142004565076,10.57079563974223,4.90881758895115,2016-01-01,2017-12-31
NGA,True,True,Abia,NGA-XXX,UNSPECIFIED,0.0284647780423207,7.11197121385846,40.02375317106726,5.73157146899239,1.9761688672893198,2018-01-01,2018-12-31
NGA,True,True,Abia,NGA-XXX,UNSPECIFIED,0.0419360438418849,9.39708733818692,44.62664050324354,10.52094124263116,0.9715250600407,2021-01-01,2021-12-31
NGA,True,True,Adamawa,NGA-XXX,UNSPECIFIED,0.1885184752575551,37.23241367129961,50.632891254878096,30.7248170155167,18.532498966011772,2013-01-01,2013-12-31
NGA,True,True,Adamawa,NGA-XXX,UNSPECIFIED,0.2458929242578219,48.43184380748835,50.77091948743914,20.03540838328107,18.532498966011772,2016-01-01,2017-12-31
NGA,True,True,Adamawa,NGA-XXX,UNSPECIFIED,0.2727887128632172,51.7934768421487,52.668546213763,24.42436283991319,27.025596898304897,2018-01-01,2018-12-31
NGA,True,True,Adamawa,NGA-XXX,UNSPECIFIED,0.1819775181311749,39.09710119492303,46.54501550483382,31.18595925709401,27.824466058065788,2021-01-01,2021-12-31
NGA,True,True,Akwa Ibom,NGA-XXX,UNSPECIFIED,0.0572255746115991,13.269615688786129,43.125269000788904,21.22868613358023,4.063854306627,2013-01-01,2013-12-31
NGA,True,True,Akwa Ibom,NGA-XXX,UNSPECIFIED,0.0515343821512273,11.61781466879199,44.35806872497284,15.668742146661948,4.063854306627,2016-01-01,2017-12-31
NGA,True,True,Akwa Ibom,NGA-XXX,UNSPECIFIED,0.0610749060932588,13.76596687127473,44.36659383563029,16.75016282204209,4.07519307587004,2018-01-01,2018-12-31
NGA,True,True,Akwa Ibom,NGA-XXX,UNSPECIFIED,0.0445529826312234,9.8073930359465,45.42795671380336,24.32352709759142,5.23525229241993,2021-01-01,2021-12-31
NGA,True,True,Anambra,NGA-XXX,UNSPECIFIED,0.0484354016761701,10.62953007712154,45.56683251729071,7.75099048813421,3.44611386106798,2013-01-01,2013-12-31
NGA,True,True,Anambra,NGA-XXX,UNSPECIFIED,0.0341113195560127,7.84551612577091,43.47874506810847,10.32813219649742,3.44611386106798,2016-01-01,2017-12-31
NGA,True,True,Anambra,NGA-XXX,UNSPECIFIED,0.0290718509292034,6.53825125588207,44.46426084199382,7.83862225370244,2.04787741942731,2018-01-01,2018-12-31
NGA,True,True,Anambra,NGA-XXX,UNSPECIFIED,0.0088564892819848,2.04488158577297,43.310523912987684,13.76431205688984,1.83723843791965,2021-01-01,2021-12-31
NGA,True,True,Bauchi,NGA-XXX,UNSPECIFIED,0.4762577273369619,74.50470579040166,63.92317401759574,11.818616141751379,57.75579347859852,2013-01-01,2013-12-31
NGA,True,True,Bauchi,NGA-XXX,UNSPECIFIED,0.4161139505657241,72.96556346878985,57.02881342699585,8.7634687892752,57.75579347859852,2016-01-01,2017-12-31
NGA,True,True,Bauchi,NGA-XXX,UNSPECIFIED,0.3749945363847743,65.87102159093027,56.92860492031701,14.36491350777388,50.43653121072425,2018-01-01,2018-12-31
NGA,True,True,Bauchi,NGA-XXX,UNSPECIFIED,0.4411035554341987,75.35625245725375,58.53576061049706,12.443091148040649,42.45886251140584,2021-01-01,2021-12-31
NGA,True,True,Bayelsa,NGA-XXX,UNSPECIFIED,0.065541868896971,15.18145836269029,43.17231410260668,24.87860259756391,5.04046706709682,2013-01-01,2013-12-31
NGA,True,True,Bayelsa,NGA-XXX,UNSPECIFIED,0.0849689882339246,18.5136301845991,45.8953686482339,24.74941897119231,5.04046706709682,2016-01-01,2017-12-31
NGA,True,True,Bayelsa,NGA-XXX,UNSPECIFIED,0.0471540492070321,11.36268781011074,41.49902733847307,28.02864421410995,7.65498714296288,2018-01-01,2018-12-31
NGA,True,True,Bayelsa,NGA-XXX,UNSPECIFIED,0.0643592186059503,13.965947258461911,46.0829597984879,23.54938025605756,2.90934047066717,2021-01-01,2021-12-31
NGA,True,True,Benue,NGA-XXX,UNSPECIFIED,0.2089468136632198,44.44435131382521,47.01313158737073,35.354429488392405,17.818407127320903,2013-01-01,2013-12-31
NGA,True,True,Benue,NGA-XXX,UNSPECIFIED,0.1289367076542381,28.14412353445715,45.81301226040296,34.86130969402235,17.818407127320903,2016-01-01,2017-12-31
NGA,True,True,Benue,NGA-XXX,UNSPECIFIED,0.1071693462458455,24.13749212350718,44.399536495953825,32.231030923900775,9.89705461824396,2018-01-01,2018-12-31
NGA,True,True,Benue,NGA-XXX,UNSPECIFIED,0.1156325506132808,27.0206032753694,42.794215005068196,35.02949649938966,7.61474683224159,2021-01-01,2021-12-31
NGA,True,True,Borno,NGA-XXX,UNSPECIFIED,0.3514318417562367,66.49534813050276,52.850590550563304,11.34772461334807,43.7696298771957,2013-01-01,2013-12-31
NGA,True,True,Borno,NGA-XXX,UNSPECIFIED,0.1786356774616961,37.22635221738003,47.986350211959724,21.42014867982581,43.7696298771957,2016-01-01,2017-12-31
NGA,True,True,Borno,NGA-XXX,UNSPECIFIED,0.2521269327777746,48.525886324596264,51.95720302587843,18.06123183602303,15.14483465778022,2018-01-01,2018-12-31
NGA,True,True,Borno,NGA-XXX,UNSPECIFIED,0.2922355747901068,53.88606351637769,54.23212528806953,23.38559183978654,28.211040054433873,2021-01-01,2021-12-31
NGA,True,True,Cross River,NGA-XXX,UNSPECIFIED,0.088846235080976,20.15800767984768,44.074908836252256,32.40038063294136,6.27439491013384,2013-01-01,2013-12-31
NGA,True,True,Cross River,NGA-XXX,UNSPECIFIED,0.0765396950925203,17.91854487939859,42.715351948315785,35.83550810597067,6.27439491013384,2016-01-01,2017-12-31
NGA,True,True,Cross River,NGA-XXX,UNSPECIFIED,0.0644316800472185,14.88559177014212,43.28459428563474,32.07853347692803,5.40371688414385,2018-01-01,2018-12-31
NGA,True,True,Cross River,NGA-XXX,UNSPECIFIED,0.0775015585698433,19.08596377039145,40.606573240002405,34.7097288946176,5.19638502710154,2021-01-01,2021-12-31
NGA,True,True,Delta,NGA-XXX,UNSPECIFIED,0.0691723703562537,15.48697955712098,44.66485546850739,15.769099486741231,5.4670274832423,2013-01-01,2013-12-31
NGA,True,True,Delta,NGA-XXX,UNSPECIFIED,0.0398481942487485,9.27274150618442,42.97347685382135,15.585368717707802,5.4670274832423,2016-01-01,2017-12-31
NGA,True,True,Delta,NGA-XXX,UNSPECIFIED,0.0376755121054671,9.12077577275309,41.30735481735762,13.280969547222199,2.60979333020197,2018-01-01,2018-12-31
NGA,True,True,Delta,NGA-XXX,UNSPECIFIED,0.0507448686549996,11.78205755067018,43.06961533396443,17.04352420590294,2.14879096320803,2021-01-01,2021-12-31
NGA,True,True,Ebonyi,NGA-XXX,UNSPECIFIED,0.1678596120790903,34.63427001006336,48.46633465360088,33.57345314520714,17.265347866438958,2013-01-01,2013-12-31
NGA,True,True,Ebonyi,NGA-XXX,UNSPECIFIED,0.1141737605134621,26.41375244476558,43.22511947221947,40.7613628919826,17.265347866438958,2016-01-01,2017-12-31
NGA,True,True,Ebonyi,NGA-XXX,UNSPECIFIED,0.1026275227446155,21.35593486625093,48.055738785193206,41.09306564911995,6.714329830340519,2018-01-01,2018-12-31
NGA,True,True,Ebonyi,NGA-XXX,UNSPECIFIED,0.0340547992121901,8.0226844919899,42.44813471873599,12.76928544993,10.26172251885331,2021-01-01,2021-12-31
NGA,True,True,Edo,NGA-XXX,UNSPECIFIED,0.0457377825492292,10.99715744548177,41.59054989980234,13.896989333946848,2.2333244545568998,2013-01-01,2013-12-31
NGA,True,True,Edo,NGA-XXX,UNSPECIFIED,0.0127714594703869,3.35343826864851,38.084671454333844,9.64062766363342,2.2333244545568998,2016-01-01,2017-12-31
NGA,True,True,Edo,NGA-XXX,UNSPECIFIED,0.0495593415990111,10.74068989989847,46.14167438115832,12.607162985032641,0.32795668374098,2018-01-01,2018-12-31
NGA,True,True,Edo,NGA-XXX,UNSPECIFIED,0.0357711353981112,8.31599029908214,43.01488350949534,6.33087867864006,4.83141314103091,2021-01-01,2021-12-31
NGA,True,True,Ekiti,NGA-XXX,UNSPECIFIED,0.0271994491194455,6.481520108574319,41.9646142630395,7.00656047029016,1.0898619296810699,2013-01-01,2013-12-31
NGA,True,True,Ekiti,NGA-XXX,UNSPECIFIED,0.0394997885972735,9.34074869092912,42.28760445683772,16.41135720558084,1.0898619296810699,2016-01-01,2017-12-31
NGA,True,True,Ekiti,NGA-XXX,UNSPECIFIED,0.0646343922869633,15.16956029970894,42.60795369804055,26.32710199194186,2.229485803493,2018-01-01,2018-12-31
NGA,True,True,Ekiti,NGA-XXX,UNSPECIFIED,0.0531501026929354,12.47442741913096,42.60724833864812,21.63806561534796,4.62684232525743,2021-01-01,2021-12-31
NGA,True,True,Enugu,NGA-XXX,UNSPECIFIED,0.0842583218227862,18.4728341377271,45.61201664811423,29.391671033435568,5.8646213106515,2013-01-01,2013-12-31
NGA,True,True,Enugu,NGA-XXX,UNSPECIFIED,0.0304545898311149,7.60933885631272,40.022649018777415,17.41980024028515,5.8646213106515,2016-01-01,2017-12-31
NGA,True,True,Enugu,NGA-XXX,UNSPECIFIED,0.0537653841407044,11.70800038036676,45.92191868294097,21.165056867925188,1.4049527498341101,2018-01-01,2018-12-31
NGA,True,True,Enugu,NGA-XXX,UNSPECIFIED,0.0300122315162296,6.88190410911255,43.61035992420964,12.58759975885896,5.38922376263574,2021-01-01,2021-12-31
NGA,True,True,FCT,NGA-XXX,UNSPECIFIED,0.0850076540931535,18.28967758260389,46.47848695485371,10.935737559490411,6.88853043210223,2013-01-01,2013-12-31
NGA,True,True,FCT,NGA-XXX,UNSPECIFIED,0.0891810215415934,18.58773042858689,47.97843495967531,14.31534307670839,6.88853043210223,2016-01-01,2017-12-31
NGA,True,True,FCT,NGA-XXX,UNSPECIFIED,0.0859113175681598,18.50720939939329,46.42046011052113,13.73171813353529,8.21470274554069,2018-01-01,2018-12-31
NGA,True,True,FCT,NGA-XXX,UNSPECIFIED,0.0413650726953041,10.17746323525101,40.64379476413198,12.717159898409088,6.7642258645469,2021-01-01,2021-12-31
NGA,True,True,Gombe,NGA-XXX,UNSPECIFIED,0.3635153007278349,65.28870854550847,55.67812701861799,15.426844478383101,41.8054622983996,2013-01-01,2013-12-31
NGA,True,True,Gombe,NGA-XXX,UNSPECIFIED,0.374617568438086,67.516569758348,55.48527861810795,14.40351104576059,41.8054622983996,2016-01-01,2017-12-31
NGA,True,True,Gombe,NGA-XXX,UNSPECIFIED,0.4175973104853598,71.81280460335519,58.15081485702748,14.39549732444486,41.9658459626999,2018-01-01,2018-12-31
NGA,True,True,Gombe,NGA-XXX,UNSPECIFIED,0.334487720132336,61.34116982666913,54.529074205381725,18.20308623319978,49.21358418529181,2021-01-01,2021-12-31
NGA,True,True,Imo,NGA-XXX,UNSPECIFIED,0.0587733118993587,13.011969125260089,45.16865305594854,14.21650009945428,4.62093084944235,2013-01-01,2013-12-31
NGA,True,True,Imo,NGA-XXX,UNSPECIFIED,0.0360399615660478,8.498637950893,42.40675008665457,7.909026089182141,4.62093084944235,2016-01-01,2017-12-31
NGA,True,True,Imo,NGA-XXX,UNSPECIFIED,0.0496069137469067,11.4690810326817,43.25273629643862,6.91928348598308,1.6527414666252098,2018-01-01,2018-12-31
NGA,True,True,Imo,NGA-XXX,UNSPECIFIED,0.0182895748162878,4.61229363952812,39.65396881834033,7.722742677131509,3.17910427781772,2021-01-01,2021-12-31
NGA,True,True,Jigawa,NGA-XXX,UNSPECIFIED,0.4382221551019656,76.57958468206193,57.224409994040506,11.35873214308228,50.79729288570587,2013-01-01,2013-12-31
NGA,True,True,Jigawa,NGA-XXX,UNSPECIFIED,0.4200177488146961,73.60009536676498,57.06755497009319,11.011285067154141,50.79729288570587,2016-01-01,2017-12-31
NGA,True,True,Jigawa,NGA-XXX,UNSPECIFIED,0.3837040445853552,67.06439322411606,57.21427215528391,16.620200596528388,46.04347135023423,2018-01-01,2018-12-31
NGA,True,True,Jigawa,NGA-XXX,UNSPECIFIED,0.4376723142602216,74.7773602349922,58.53005680928172,14.42647885797813,42.27868496304245,2021-01-01,2021-12-31
NGA,True,True,Kaduna,NGA-XXX,UNSPECIFIED,0.2161382288878578,41.58573133601365,51.97413197845577,20.07304805773701,24.61161170576684,2013-01-01,2013-12-31
NGA,True,True,Kaduna,NGA-XXX,UNSPECIFIED,0.1879919417047579,39.06657722515324,48.120914361475755,16.25096689915081,24.61161170576684,2016-01-01,2017-12-31
NGA,True,True,Kaduna,NGA-XXX,UNSPECIFIED,0.2569044978833029,46.7991966639647,54.8950657696052,11.83069556337056,15.61257273809823,2018-01-01,2018-12-31
NGA,True,True,Kaduna,NGA-XXX,UNSPECIFIED,0.1670685176033894,34.0943063937735,49.00188191946924,16.43374473265749,27.727957694579768,2021-01-01,2021-12-31
NGA,True,True,Kano,NGA-XXX,UNSPECIFIED,0.2829717491856422,53.829932928713895,52.56773207582801,16.5847477627444,28.956956840353097,2013-01-01,2013-12-31
NGA,True,True,Kano,NGA-XXX,UNSPECIFIED,0.2880325573674885,53.43009055545562,53.908304173382724,14.911756196170458,28.956956840353097,2016-01-01,2017-12-31
NGA,True,True,Kano,NGA-XXX,UNSPECIFIED,0.2818064866167495,51.38165071034892,54.84574409751105,15.87325281231649,29.36127002107539,2018-01-01,2018-12-31
NGA,True,True,Kano,NGA-XXX,UNSPECIFIED,0.2496833995051876,45.06122910255067,55.40980671808937,14.50677811981975,29.913517574952447,2021-01-01,2021-12-31
NGA,True,True,Katsina,NGA-XXX,UNSPECIFIED,0.4163265903365827,70.57938349491862,58.986997295967626,13.30303207157512,49.88997024677311,2013-01-01,2013-12-31
NGA,True,True,Katsina,NGA-XXX,UNSPECIFIED,0.3470728470324541,63.83125397061432,54.373496593414,14.77361304479127,49.88997024677311,2016-01-01,2017-12-31
NGA,True,True,Katsina,NGA-XXX,UNSPECIFIED,0.3100235980229106,56.97943769145617,54.40973280601493,19.74832382319555,36.80539598005008,2018-01-01,2018-12-31
NGA,True,True,Katsina,NGA-XXX,UNSPECIFIED,0.3330857729266605,61.131868158414434,54.4864377551029,17.49864384586595,30.817235975114432,2021-01-01,2021-12-31
NGA,True,True,Kebbi,NGA-XXX,UNSPECIFIED,0.44896330799475,78.23843816257592,57.38398139566952,8.34328934599272,52.20365714968074,2013-01-01,2013-12-31
NGA,True,True,Kebbi,NGA-XXX,UNSPECIFIED,0.3577287440341766,65.03563905815196,55.005032504456764,16.066256676446,52.20365714968074,2016-01-01,2017-12-31
NGA,True,True,Kebbi,NGA-XXX,UNSPECIFIED,0.5087434231172501,80.88482216624764,62.8972666925814,8.857794500548161,37.43511622658491,2018-01-01,2018-12-31
NGA,True,True,Kebbi,NGA-XXX,UNSPECIFIED,0.4372595274071138,73.78634016189343,59.260227089150874,9.80974306504662,59.93429594046603,2021-01-01,2021-12-31
NGA,True,True,Kogi,NGA-XXX,UNSPECIFIED,0.0755193786544543,17.21806643028734,43.860545526536235,22.67025428019566,4.93566208447446,2013-01-01,2013-12-31
NGA,True,True,Kogi,NGA-XXX,UNSPECIFIED,0.0799694166142804,17.991009098301237,44.44965603504215,28.530770056921313,4.93566208447446,2016-01-01,2017-12-31
NGA,True,True,Kogi,NGA-XXX,UNSPECIFIED,0.1227451389357951,25.0101433558554,49.07814289159514,19.83266427000666,5.21349555824899,2018-01-01,2018-12-31
NGA,True,True,Kogi,NGA-XXX,UNSPECIFIED,0.0637921408655954,14.02189733841409,45.49465691125251,23.31449779703803,12.059933513786799,2021-01-01,2021-12-31
NGA,True,True,Kwara,NGA-XXX,UNSPECIFIED,0.0666307410789006,15.41459538407638,43.22574768827965,11.526594629272351,4.7217366316494,2013-01-01,2013-12-31
NGA,True,True,Kwara,NGA-XXX,UNSPECIFIED,0.1103924098996575,23.58772668020513,46.800783897627156,15.316635813114651,4.7217366316494,2016-01-01,2017-12-31
NGA,True,True,Kwara,NGA-XXX,UNSPECIFIED,0.1817384802466165,33.709450389154014,53.91321369780937,7.10291851280485,9.509075409483609,2018-01-01,2018-12-31
NGA,True,True,Kwara,NGA-XXX,UNSPECIFIED,0.0962442724788407,20.156012763103483,47.74965843195948,14.797617549068601,20.184144053570392,2021-01-01,2021-12-31
NGA,True,True,Lagos,NGA-XXX,UNSPECIFIED,0.0233810455411747,5.65290398087598,41.361122743768206,3.6029814501301,1.0123873779518,2013-01-01,2013-12-31
NGA,True,True,Lagos,NGA-XXX,UNSPECIFIED,0.0154944448201723,3.93162705127391,39.40975229365133,2.21558248610864,1.0123873779518,2016-01-01,2017-12-31
NGA,True,True,Lagos,NGA-XXX,UNSPECIFIED,0.017357390509274,4.49522850952569,38.612921395414176,2.1591819403423598,0.31972438221129,2018-01-01,2018-12-31
NGA,True,True,Lagos,NGA-XXX,UNSPECIFIED,0.0043607469750755,1.10541108452963,39.449097590070444,1.52528664861233,0.15669140258432,2021-01-01,2021-12-31
NGA,True,True,Nasarawa,NGA-XXX,UNSPECIFIED,0.1723643918079213,37.47630136555823,45.992903655729776,31.189246353799337,12.79913243434963,2013-01-01,2013-12-31
NGA,True,True,Nasarawa,NGA-XXX,UNSPECIFIED,0.1951403115576577,38.93675812710576,50.11724677248134,29.52288284727034,12.79913243434963,2016-01-01,2017-12-31
NGA,True,True,Nasarawa,NGA-XXX,UNSPECIFIED,0.1127376008352954,23.662820534826228,47.64334863182165,20.30274394110467,18.522544574136372,2018-01-01,2018-12-31
NGA,True,True,Nasarawa,NGA-XXX,UNSPECIFIED,0.1887620936353705,40.58299185654535,46.51261156462181,23.99015144174685,10.60988171914297,2021-01-01,2021-12-31
NGA,True,True,Niger,NGA-XXX,UNSPECIFIED,0.2576537878675654,49.53928202717623,52.00999637544642,17.82011533345499,28.45132240305762,2013-01-01,2013-12-31
NGA,True,True,Niger,NGA-XXX,UNSPECIFIED,0.2859938575397391,53.18260394066326,53.775828249934385,13.114956518672342,28.45132240305762,2016-01-01,2017-12-31
NGA,True,True,Niger,NGA-XXX,UNSPECIFIED,0.3136883265034796,58.33043354945815,53.77781501272481,10.83215880000119,28.92875412323169,2018-01-01,2018-12-31
NGA,True,True,Niger,NGA-XXX,UNSPECIFIED,0.2190993822710942,44.5601186448222,49.16938934060783,17.75550544483729,35.06709352188521,2021-01-01,2021-12-31
NGA,True,True,Ogun,NGA-XXX,UNSPECIFIED,0.0763920268719724,17.50150646430909,43.648829332354374,16.83561630459442,5.18851751190404,2013-01-01,2013-12-31
NGA,True,True,Ogun,NGA-XXX,UNSPECIFIED,0.0480211640211825,10.84242424242416,44.29006184178406,11.416450216450121,5.18851751190404,2016-01-01,2017-12-31
NGA,True,True,Ogun,NGA-XXX,UNSPECIFIED,0.0289067612804055,7.3336676032582995,39.416514143022255,9.840803586058609,3.2536796536796198,2018-01-01,2018-12-31
NGA,True,True,Ogun,NGA-XXX,UNSPECIFIED,0.0918175508812875,19.948224848233963,46.02793059524604,23.52657545465031,0.8946815132773501,2021-01-01,2021-12-31
NGA,True,True,Ondo,NGA-XXX,UNSPECIFIED,0.0911563774817427,20.30331502270312,44.89728764973203,19.28934300904696,7.53454882115822,2013-01-01,2013-12-31
NGA,True,True,Ondo,NGA-XXX,UNSPECIFIED,0.0660292745111732,14.933825035853149,44.21457620713379,20.21061257938931,7.53454882115822,2016-01-01,2017-12-31
NGA,True,True,Ondo,NGA-XXX,UNSPECIFIED,0.0503056742035855,11.472807977210971,43.84774355459473,27.96696962699224,4.70559311616465,2018-01-01,2018-12-31
NGA,True,True,Ondo,NGA-XXX,UNSPECIFIED,0.0636784891123096,14.4482278633186,44.07356370256147,32.40077217875151,3.85161964142512,2021-01-01,2021-12-31
NGA,True,True,Osun,NGA-XXX,UNSPECIFIED,0.0275791061024038,6.518318157307481,42.31015644961384,10.34909357514057,1.96659701122684,2013-01-01,2013-12-31
NGA,True,True,Osun,NGA-XXX,UNSPECIFIED,0.0447746896234746,10.956419557553708,40.86616927023889,13.364072957645659,1.96659701122684,2016-01-01,2017-12-31
NGA,True,True,Osun,NGA-XXX,UNSPECIFIED,0.0542068685578479,13.261999339534189,40.87382842514286,17.25803597257159,2.06023603944208,2018-01-01,2018-12-31
NGA,True,True,Osun,NGA-XXX,UNSPECIFIED,0.0314646938447099,7.52009366797568,41.84082703477791,13.00352395167336,2.86854542377784,2021-01-01,2021-12-31
NGA,True,True,Oyo,NGA-XXX,UNSPECIFIED,0.1125603355955502,22.41416743991287,50.21838794472205,9.284236683381609,11.3863283554141,2013-01-01,2013-12-31
NGA,True,True,Oyo,NGA-XXX,UNSPECIFIED,0.0981348823344032,19.67892467215034,49.868010559176504,11.91325830359565,11.3863283554141,2016-01-01,2017-12-31
NGA,True,True,Oyo,NGA-XXX,UNSPECIFIED,0.0533167244812418,11.58094661460963,46.03831297692151,9.988774116234431,9.025705506804629,2018-01-01,2018-12-31
NGA,True,True,Oyo,NGA-XXX,UNSPECIFIED,0.0808740301160175,17.37582239019378,46.54400137150316,11.01005614751823,3.85543567787918,2021-01-01,2021-12-31
NGA,True,True,Plateau,NGA-XXX,UNSPECIFIED,0.2250790485059228,46.47316097005808,48.432050630456956,25.92897498492149,22.51988589917108,2013-01-01,2013-12-31
NGA,True,True,Plateau,NGA-XXX,UNSPECIFIED,0.180499037217988,36.554443025784174,49.378139092605124,28.720441427921926,22.51988589917108,2016-01-01,2017-12-31
NGA,True,True,Plateau,NGA-XXX,UNSPECIFIED,0.1570735214017581,31.186266809424428,50.36624690015503,32.31169870529199,16.251521328465422,2018-01-01,2018-12-31
NGA,True,True,Plateau,NGA-XXX,UNSPECIFIED,0.1944775462750895,42.46685499249921,45.79513748061621,30.435840559032577,14.73899018797676,2021-01-01,2021-12-31
NGA,True,True,Rivers,NGA-XXX,UNSPECIFIED,0.0630384427880066,14.792669512493159,42.61464959706393,17.225515389254518,4.74462643456922,2013-01-01,2013-12-31
NGA,True,True,Rivers,NGA-XXX,UNSPECIFIED,0.0280351115036821,6.56697409773427,42.69106453968607,12.301008565618279,4.74462643456922,2016-01-01,2017-12-31
NGA,True,True,Rivers,NGA-XXX,UNSPECIFIED,0.0346852336546694,8.240528048706249,42.09103281932869,13.128839161860158,2.13216112400631,2018-01-01,2018-12-31
NGA,True,True,Rivers,NGA-XXX,UNSPECIFIED,0.0351212136932594,8.38984604317628,41.86157113314912,10.66610210461441,1.6103410529644602,2021-01-01,2021-12-31
NGA,True,True,Sokoto,NGA-XXX,UNSPECIFIED,0.4492999173173138,76.23569004852827,58.935639859927726,9.99647277892668,51.95841786991807,2013-01-01,2013-12-31
NGA,True,True,Sokoto,NGA-XXX,UNSPECIFIED,0.3654863699841656,70.60218951214922,51.76700220058652,14.63260104023916,51.95841786991807,2016-01-01,2017-12-31
NGA,True,True,Sokoto,NGA-XXX,UNSPECIFIED,0.4777152089274668,80.28683226134548,59.50106580023401,8.38427293644183,35.16774963532656,2018-01-01,2018-12-31
NGA,True,True,Sokoto,NGA-XXX,UNSPECIFIED,0.437193709802802,70.73904706559938,61.80373187631061,11.954812527326709,59.082373077981366,2021-01-01,2021-12-31
NGA,True,True,Taraba,NGA-XXX,UNSPECIFIED,0.3429816754745335,63.97439204267601,53.61233839404641,21.94151411697334,39.417989009748936,2013-01-01,2013-12-31
NGA,True,True,Taraba,NGA-XXX,UNSPECIFIED,0.2645574414394994,54.1423838734597,48.86327910086429,25.18814510312059,39.417989009748936,2016-01-01,2017-12-31
NGA,True,True,Taraba,NGA-XXX,UNSPECIFIED,0.2638793407474757,51.42437785115329,51.31405605163927,28.69892617609392,26.03966526448823,2018-01-01,2018-12-31
NGA,True,True,Taraba,NGA-XXX,UNSPECIFIED,0.2701975664246393,56.703960730231294,47.65056319612352,26.02284003950001,25.14017162875481,2021-01-01,2021-12-31
NGA,True,True,Yobe,NGA-XXX,UNSPECIFIED,0.5421557858138358,85.41306368730162,63.474574310866025,4.10832893345574,68.48425972798391,2013-01-01,2013-12-31
NGA,True,True,Yobe,NGA-XXX,UNSPECIFIED,0.3633949320588852,65.51420221024676,55.46811527868202,16.045757603433742,68.48425972798391,2016-01-01,2017-12-31
NGA,True,True,Yobe,NGA-XXX,UNSPECIFIED,0.4544563802481473,77.23973445615803,58.837123592922346,10.53730287130896,39.419581696957415,2018-01-01,2018-12-31
NGA,True,True,Yobe,NGA-XXX,UNSPECIFIED,0.3427848493195098,63.023408340641396,54.39008431069907,17.58022658458328,53.97296660285535,2021-01-01,2021-12-31
NGA,True,True,Zamfara,NGA-XXX,UNSPECIFIED,0.5083400440877301,80.5875398674464,63.07923593695355,10.22519016171839,60.19625442955972,2013-01-01,2013-12-31
NGA,True,True,Zamfara,NGA-XXX,UNSPECIFIED,0.3926337628407083,68.60743790001602,57.2290373840963,14.23612090111868,60.19625442955972,2016-01-01,2017-12-31
NGA,True,True,Zamfara,NGA-XXX,UNSPECIFIED,0.4070623391154786,69.67206653495998,58.42547226745792,11.36455493230746,42.30622832491965,2018-01-01,2018-12-31
NGA,True,True,Zamfara,NGA-XXX,UNSPECIFIED,0.3912671480139258,71.86953392170878,54.441308669143936,10.666856777403801,47.70975101108293,2021-01-01,2021-12-31
PSE,False,True,Gaza Strip,PSE-XXX,UNSPECIFIED,0.0036596573309872,1.0433387003538699,35.076407400070245,1.84265589231684,0.0,2010-01-01,2010-12-31
PSE,False,True,Gaza Strip,PSE-XXX,UNSPECIFIED,0.0034451959399714,0.96060155072192,35.86498415896003,1.99717912818051,0.0,2014-01-01,2014-12-31
PSE,False,True,Gaza Strip,PSE-XXX,UNSPECIFIED,0.0017787865060313,0.50988262818951,34.88619552204322,1.30556327714479,0.10850981128601,2019-01-01,2020-12-31
PSE,False,True,West Bank,PSE-XXX,UNSPECIFIED,0.0040899255922358,1.14962596324822,35.57614148413893,2.34630063837466,0.04613646815395,2010-01-01,2010-12-31
PSE,False,True,West Bank,PSE-XXX,UNSPECIFIED,0.0024517571474832,0.6865899288856699,35.70919182374888,0.66016128329364,0.04613646815395,2014-01-01,2014-12-31
PSE,False,True,West Bank,PSE-XXX,UNSPECIFIED,0.0019807177807147,0.57312407075642,34.56001731179277,0.60738125882557,0.043351927954180004,2019-01-01,2020-12-31
UKR,True,True,Center,UKR-XXX,UNSPECIFIED,0.0011765022224797,0.33451026624581,35.17088535677891,1.8149259008768097,0.0,2007-01-01,2007-12-31
UKR,True,True,Center,UKR-XXX,UNSPECIFIED,0.0008462084886636,0.24004808626239,35.25162403247196,0.57909091151132,0.0,2012-01-01,2012-12-31
UKR,True,True,East,UKR-XXX,UNSPECIFIED,0.0002507860696627,0.058164149726620006,43.11694933071881,0.65032842162091,0.03414334234436,2007-01-01,2007-12-31
UKR,True,True,East,UKR-XXX,UNSPECIFIED,0.0008071859285901,0.242155778577,33.333333333335844,0.18298383621529,0.03414334234436,2012-01-01,2012-12-31
UKR,True,True,North,UKR-XXX,UNSPECIFIED,0.001464235514315,0.41053539509357995,35.66648653963817,0.9794257676716199,0.057470518401849996,2007-01-01,2007-12-31
UKR,True,True,North,UKR-XXX,UNSPECIFIED,0.0004648780902353,0.13508452237853,34.413867854718475,0.76717074148812,0.057470518401849996,2012-01-01,2012-12-31
UKR,True,True,South,UKR-XXX,UNSPECIFIED,0.0004868254317186,0.1414648401069,34.41317512893926,1.39656582772321,0.0,2007-01-01,2007-12-31
UKR,True,True,South,UKR-XXX,UNSPECIFIED,0.0005920735552869,0.17762206658608,33.33333333332999,0.20105463976140997,0.0,2012-01-01,2012-12-31
UKR,True,True,West,UKR-XXX,UNSPECIFIED,0.0031548317989814,0.86211031034117,36.594293806008785,2.63855330109158,0.06147790439107,2007-01-01,2007-12-31
UKR,True,True,West,UKR-XXX,UNSPECIFIED,0.0011715887311576,0.32887855122521,35.62375006800883,0.45409999677220003,0.06147790439107,2012-01-01,2012-12-31
BFA,True,True,Boucle de Mouhoun,BFA-XXX,UNSPECIFIED,0.5652891782957019,91.5606608204102,61.739307387096844,4.80222210436446,71.48906279963906,2010-01-01,2010-12-31
BFA,True,True,Cascades,BFA-XXX,UNSPECIFIED,0.5032567655916325,84.43757142275057,59.60104691689846,8.29249835783872,63.07241335861572,2010-01-01,2010-12-31
BFA,True,True,Centre,BFA-XXX,UNSPECIFIED,0.2040608947945353,44.122887831406985,46.24830894438495,20.47338621628048,17.75268675867888,2010-01-01,2010-12-31
BFA,True,True,Centre-Est,BFA-XXX,UNSPECIFIED,0.5652706839611285,91.70407765821294,61.64073598427423,4.23807407660857,72.95417987143078,2010-01-01,2010-12-31
BFA,True,True,Centre-Nord,BFA-XXX,UNSPECIFIED,0.5736491942654571,93.99425893654919,61.030237458725956,3.9034732774146796,72.84281407962891,2010-01-01,2010-12-31
BFA,True,True,Centre-Ouest,BFA-XXX,UNSPECIFIED,0.5356185772450189,85.51556698763034,62.63404384870596,6.60892429361671,66.85831137201035,2010-01-01,2010-12-31
BFA,True,True,Centre-Sud,BFA-XXX,UNSPECIFIED,0.5310672189438241,89.14272317698317,59.57493780949993,7.81886983459959,66.69556117829674,2010-01-01,2010-12-31
BFA,True,True,Est,BFA-XXX,UNSPECIFIED,0.6662132742420269,95.4109460833401,69.82566483096176,2.79046488110012,83.75741274608781,2010-01-01,2010-12-31
BFA,True,True,Hauts-Bassins,BFA-XXX,UNSPECIFIED,0.4533804674309406,76.0200211079598,59.639613462757715,10.163966188725599,56.41343919026619,2010-01-01,2010-12-31
BFA,True,True,Nord,BFA-XXX,UNSPECIFIED,0.5737351150252211,89.85751469230382,63.849430622451976,5.261919187721801,72.23191330237103,2010-01-01,2010-12-31
BFA,True,True,Plateau Central,BFA-XXX,UNSPECIFIED,0.5283240501593984,88.56066808889476,59.656737190496514,6.73982671815254,65.6681602233476,2010-01-01,2010-12-31
BFA,True,True,Sahel,BFA-XXX,UNSPECIFIED,0.6639361887924546,97.36802320458871,68.18831962906327,1.44672462862524,88.4996764533344,2010-01-01,2010-12-31
BFA,True,True,Sud-Ouest,BFA-XXX,UNSPECIFIED,0.6195723842612667,91.82252590998876,67.47498809481863,4.20807496702224,76.77138456241394,2010-01-01,2010-12-31
SLV,True,True,Ahuachapán,SLV-XXX,UNSPECIFIED,0.0345323651899858,8.58423706660551,40.22764623349467,14.468535247848699,1.29214178920115,2014-01-01,2014-12-31
SLV,True,True,Cabañas,SLV-XXX,UNSPECIFIED,0.0595682010639726,15.50279411189201,38.42417091656953,12.960552457154659,2.21759746724033,2014-01-01,2014-12-31
SLV,True,True,Chalatenango,SLV-XXX,UNSPECIFIED,0.0426960871801298,10.51410146811895,40.608403209340985,13.17899545387658,2.29897142157845,2014-01-01,2014-12-31
SLV,True,True,Cuscatlán,SLV-XXX,UNSPECIFIED,0.0327785380692709,7.60449544163429,43.10415900811746,10.09792046378093,1.84775477180442,2014-01-01,2014-12-31
SLV,True,True,La Libertad,SLV-XXX,UNSPECIFIED,0.0214461054071471,5.05949589625638,42.387830422029836,6.632624242337069,1.31670609785975,2014-01-01,2014-12-31
SLV,True,True,La Paz,SLV-XXX,UNSPECIFIED,0.0378702792793258,9.01074810668408,42.02789694146922,12.24224004834748,2.24350641575925,2014-01-01,2014-12-31
SLV,True,True,La Unión,SLV-XXX,UNSPECIFIED,0.0668690702238516,15.732369295273111,42.50413206607275,15.736712347633999,4.35255976353296,2014-01-01,2014-12-31
SLV,True,True,Morazán,SLV-XXX,UNSPECIFIED,0.0384485074400829,9.99060223468759,38.48467443392837,13.85466236521101,1.15552388643863,2014-01-01,2014-12-31
SLV,True,True,San Miguel,SLV-XXX,UNSPECIFIED,0.0412018661283223,9.82652325407124,41.92924095635949,11.89937056480166,2.5801459527923,2014-01-01,2014-12-31
SLV,True,True,San Salvador,SLV-XXX,UNSPECIFIED,0.0132274893402111,3.29538920872422,40.139384158911064,5.33128389769452,0.55722709340468,2014-01-01,2014-12-31
SLV,True,True,San Vicente,SLV-XXX,UNSPECIFIED,0.0264448296617531,6.809256963324451,38.8365864354781,10.23984008363073,0.6019856823148201,2014-01-01,2014-12-31
SLV,True,True,Santa Ana,SLV-XXX,UNSPECIFIED,0.0300994841642904,6.96083219371534,43.24121502521789,9.22682195177233,1.6299084701269801,2014-01-01,2014-12-31
SLV,True,True,Sonsonate,SLV-XXX,UNSPECIFIED,0.0592827394895008,13.579273294673039,43.656783542869384,11.818286801554601,3.64005395491247,2014-01-01,2014-12-31
SLV,True,True,Usulután,SLV-XXX,UNSPECIFIED,0.0362703429991724,9.38659650306356,38.64056901490827,14.596392223529712,1.2198144887037001,2014-01-01,2014-12-31
GTM,True,True,Alta Verapaz,GTM-XXX,UNSPECIFIED,0.2544903268325603,54.03480274148441,47.097484199230585,17.504698039350313,21.19803787675469,2014-01-01,2015-12-31
GTM,True,True,Baja Verapaz,GTM-XXX,UNSPECIFIED,0.1749569214059793,37.57605780079387,46.56074416680372,22.47122001287651,15.11662719121313,2014-01-01,2015-12-31
GTM,True,True,Chimaltenango,GTM-XXX,UNSPECIFIED,0.1040419117069924,22.84309401621353,45.54633082241213,28.10186684420357,8.407654510360631,2014-01-01,2015-12-31
GTM,True,True,Chiquimula,GTM-XXX,UNSPECIFIED,0.2196877636406564,44.24293648159381,49.654878521015924,17.45496689136176,23.83641163143973,2014-01-01,2015-12-31
GTM,True,True,El Progreso,GTM-XXX,UNSPECIFIED,0.0805670576439305,18.32653450108156,43.96197090026797,18.83778959774499,6.03694378649831,2014-01-01,2015-12-31
GTM,True,True,Escuintla,GTM-XXX,UNSPECIFIED,0.0726503996738873,17.29481579923972,42.00703870872158,22.10758748444856,4.68312066156899,2014-01-01,2015-12-31
GTM,True,True,Guatemala Municipio,GTM-XXX,UNSPECIFIED,0.0154962766556458,3.55793759011313,43.554099146390776,10.469638536596799,1.41836665293995,2014-01-01,2015-12-31
GTM,True,True,Guatemala Resto,GTM-XXX,UNSPECIFIED,0.0375383635755389,8.77018851124887,42.80223113493083,16.92749766897078,2.2523443283462,2014-01-01,2015-12-31
GTM,True,True,Huehuetenango,GTM-XXX,UNSPECIFIED,0.2331708346598393,47.28855300062088,49.30809252225962,23.761553117309912,23.32309250926241,2014-01-01,2015-12-31
GTM,True,True,Izabal,GTM-XXX,UNSPECIFIED,0.1282864512036998,29.36637457793817,43.684810620128935,17.84252529314746,8.43009971762575,2014-01-01,2015-12-31
GTM,True,True,Jalapa,GTM-XXX,UNSPECIFIED,0.191111253215725,38.996472971425675,49.00731749657464,18.35814615119229,18.44403532120326,2014-01-01,2015-12-31
GTM,True,True,Jutiapa,GTM-XXX,UNSPECIFIED,0.1247434890561295,26.62777317787162,46.84713521587101,21.61179825753773,12.050337718170159,2014-01-01,2015-12-31
GTM,True,True,Petén,GTM-XXX,UNSPECIFIED,0.17315490251924,38.46745757388148,45.01334723946202,18.50985078496258,13.35224226364482,2014-01-01,2015-12-31
GTM,True,True,Quetzaltenango,GTM-XXX,UNSPECIFIED,0.1082370002367624,24.89452037598709,43.478242843017924,25.30826037521893,7.223584742695929,2014-01-01,2015-12-31
GTM,True,True,Quiché,GTM-XXX,UNSPECIFIED,0.2284750488332997,48.315395834607564,47.28824940509887,25.013412356077,20.83988374852299,2014-01-01,2015-12-31
GTM,True,True,Retalhuleu,GTM-XXX,UNSPECIFIED,0.1146635335470944,26.02602694130186,44.05725614812521,21.14564683235066,8.35208133623048,2014-01-01,2015-12-31
GTM,True,True,Sacatepéquez,GTM-XXX,UNSPECIFIED,0.0598844388141978,13.67005785774715,43.80701196539548,17.32814473201982,4.92078497402252,2014-01-01,2015-12-31
GTM,True,True,San Marcos,GTM-XXX,UNSPECIFIED,0.1461113832842169,31.493523320799937,46.39410516120862,26.464841143044488,12.463194148332999,2014-01-01,2015-12-31
GTM,True,True,Santa Rosa,GTM-XXX,UNSPECIFIED,0.1013312138928056,23.3802521153791,43.34051377750189,20.57422275621738,5.9148893939012,2014-01-01,2015-12-31
GTM,True,True,Sololá,GTM-XXX,UNSPECIFIED,0.111088499069016,25.79990647296853,43.05771386629147,32.90314949377955,6.783908920151769,2014-01-01,2015-12-31
GTM,True,True,Suchitepéquez,GTM-XXX,UNSPECIFIED,0.1263868875555026,29.47160670484766,42.88428819685415,21.682109364228268,8.33287811916076,2014-01-01,2015-12-31
GTM,True,True,Totonicapán,GTM-XXX,UNSPECIFIED,0.1574165275161754,34.44587617121629,45.69967294015764,27.7216521109147,12.27299572540535,2014-01-01,2015-12-31
GTM,True,True,Zacapa,GTM-XXX,UNSPECIFIED,0.1276035132931421,26.331125133291312,48.46109410334644,19.485532144264937,12.47939675506956,2014-01-01,2015-12-31
MMR,True,True,Ayeyarwaddy,MMR-XXX,UNSPECIFIED,0.2371169220300247,50.830418317755374,46.64862692015231,26.22847242413594,20.40897243745399,2015-01-01,2016-12-31
MMR,True,True,Bago,MMR-XXX,UNSPECIFIED,0.1778934187351913,40.71269035211711,43.694832544010595,23.95046464802433,10.52215649870934,2015-01-01,2016-12-31
MMR,True,True,Chin,MMR-XXX,UNSPECIFIED,0.1849489261910936,41.034776502808,45.071264413597476,23.37062022025087,15.123323183565422,2015-01-01,2016-12-31
MMR,True,True,Kachin,MMR-XXX,UNSPECIFIED,0.1210889864023325,28.109687828833952,43.07731453286494,19.95821987236595,9.56805558400531,2015-01-01,2016-12-31
MMR,True,True,Kayah,MMR-XXX,UNSPECIFIED,0.1294365831865205,29.759013343613628,43.49491755387712,20.74456778451766,8.453669665961169,2015-01-01,2016-12-31
MMR,True,True,Kayin,MMR-XXX,UNSPECIFIED,0.2300825677031219,45.00561663501973,51.123078607946546,18.802772333486658,23.597494291338638,2015-01-01,2016-12-31
MMR,True,True,Magway,MMR-XXX,UNSPECIFIED,0.177422502751209,41.40299621577391,42.85257565094135,20.834759576798458,11.52420255003156,2015-01-01,2016-12-31
MMR,True,True,Mandalay,MMR-XXX,UNSPECIFIED,0.1366057860067486,31.705100082402037,43.08637589905349,20.48861100072891,9.17977017780076,2015-01-01,2016-12-31
MMR,True,True,Mon,MMR-XXX,UNSPECIFIED,0.1507572186300505,34.410458657455116,43.81145282914983,19.74613086330481,10.35080571332675,2015-01-01,2016-12-31
MMR,True,True,Naypyitaw,MMR-XXX,UNSPECIFIED,0.1459785544110494,33.76659661784305,43.23164577797899,22.98646630804551,7.6693241445238,2015-01-01,2016-12-31
MMR,True,True,Rakhine,MMR-XXX,UNSPECIFIED,0.3018989131069978,58.558693207881404,51.554926616150155,20.790032543586,30.2144922679574,2015-01-01,2016-12-31
MMR,True,True,Sagaing,MMR-XXX,UNSPECIFIED,0.1574089971553656,36.36557640977428,43.28516489925827,26.85233774926332,9.00548150715543,2015-01-01,2016-12-31
MMR,True,True,Shan,MMR-XXX,UNSPECIFIED,0.2343387785891677,46.82947372655364,50.040873821798016,21.66880591171382,23.08667529839866,2015-01-01,2016-12-31
MMR,True,True,Taninthayi,MMR-XXX,UNSPECIFIED,0.1876667560305747,40.53689317327683,46.29529826777412,20.84910027245891,16.25857491072385,2015-01-01,2016-12-31
MMR,True,True,Yangon,MMR-XXX,UNSPECIFIED,0.06767283283178,15.805277587191291,42.816605060212595,16.32236238611542,4.62320499557623,2015-01-01,2016-12-31
SDN,True,True,Al Jazirah,SDN-XXX,UNSPECIFIED,0.1670911756612069,34.76021259059058,48.06966448370852,21.969521692074782,15.42468795309097,2014-01-01,2014-12-31
SDN,True,True,Al Qadarif,SDN-XXX,UNSPECIFIED,0.3875247589224717,70.19227298787042,55.20903404701512,16.502457642993072,47.71244707358746,2014-01-01,2014-12-31
SDN,True,True,Blue Nile,SDN-XXX,UNSPECIFIED,0.3711715625952601,70.61498842137843,52.56271662616165,15.550796099128469,40.94495708909781,2014-01-01,2014-12-31
SDN,True,True,Central Darfur,SDN-XXX,UNSPECIFIED,0.4917220106627632,83.81896429318195,58.66476814755406,11.518106936238679,62.86706611796349,2014-01-01,2014-12-31
SDN,True,True,East Darfur,SDN-XXX,UNSPECIFIED,0.4500973112655964,76.58573990116764,58.77038099343794,16.98019245982978,54.05858946731604,2014-01-01,2014-12-31
SDN,True,True,Kassala,SDN-XXX,UNSPECIFIED,0.3606322667023313,65.4913182489244,55.0656600515526,13.613108174063099,42.34598446370747,2014-01-01,2014-12-31
SDN,True,True,Khartoum,SDN-XXX,UNSPECIFIED,0.071077526026695,16.22902019785068,43.79656021138492,16.49738439608817,5.29096778855322,2014-01-01,2014-12-31
SDN,True,True,North Darfur,SDN-XXX,UNSPECIFIED,0.4436644783973186,83.72888492214331,52.98822250049877,10.80451041574776,51.221898548998034,2014-01-01,2014-12-31
SDN,True,True,North Kurdufan,SDN-XXX,UNSPECIFIED,0.3341474262152359,63.09451305602447,52.95982329216666,19.84895237787746,37.18298375423826,2014-01-01,2014-12-31
SDN,True,True,Northern,SDN-XXX,UNSPECIFIED,0.0337798744212557,8.103988138154131,41.683025499775525,20.37932538377881,2.13721012383368,2014-01-01,2014-12-31
SDN,True,True,Red Sea,SDN-XXX,UNSPECIFIED,0.2274283998038117,44.34850325823003,51.2820914111924,21.78646122988396,25.95993167655265,2014-01-01,2014-12-31
SDN,True,True,River Nile,SDN-XXX,UNSPECIFIED,0.0863337113100413,18.35028948818102,47.04760181884147,20.11335596625853,6.91122785610306,2014-01-01,2014-12-31
SDN,True,True,Sinnar,SDN-XXX,UNSPECIFIED,0.270816336363588,51.295029368892756,52.79582440941564,17.13710306711835,29.55490834159409,2014-01-01,2014-12-31
SDN,True,True,South Darfur,SDN-XXX,UNSPECIFIED,0.3991369204758993,72.15096484418795,55.31969272176013,17.97346140875237,44.53833523933922,2014-01-01,2014-12-31
SDN,True,True,South Kurdufan,SDN-XXX,UNSPECIFIED,0.40689366088867,70.15641976878447,57.99806521337252,20.79508015899931,46.086644243001764,2014-01-01,2014-12-31
SDN,True,True,West Darfur,SDN-XXX,UNSPECIFIED,0.4522922335367859,78.34680005423861,57.72950946607507,12.12126474795498,54.30882329259366,2014-01-01,2014-12-31
SDN,True,True,West Kurdufan,SDN-XXX,UNSPECIFIED,0.4684299141854737,81.41151478303733,57.53853314655121,12.877245027330211,55.417472817198984,2014-01-01,2014-12-31
SDN,True,True,White Nile,SDN-XXX,UNSPECIFIED,0.2568673977576535,51.550446230791216,49.82835582211234,23.1703273752969,25.15783583248107,2014-01-01,2014-12-31
YEM,True,True,Abyan,YEM-XXX,UNSPECIFIED,0.1445686330817172,31.145527407977468,46.41714079456817,32.56812707619969,12.30428841523792,2013-01-01,2013-12-31
YEM,True,True,Aden,YEM-XXX,UNSPECIFIED,0.0674307617496783,15.39881015747432,43.789592221804604,24.50781319090947,4.20173352131393,2013-01-01,2013-12-31
YEM,True,True,Al-Baidha,YEM-XXX,UNSPECIFIED,0.2133259579104758,42.981324661965495,49.632243675181456,26.70229732427478,19.30556302358583,2013-01-01,2013-12-31
YEM,True,True,Aldhalae,YEM-XXX,UNSPECIFIED,0.2185503852007243,47.62965888700731,45.885355954195525,28.17132274970364,17.70510306282365,2013-01-01,2013-12-31
YEM,True,True,Al-Hodiedah,YEM-XXX,UNSPECIFIED,0.3245346286408817,59.89104047262273,54.18750886273755,21.32081649740805,36.422243769023886,2013-01-01,2013-12-31
YEM,True,True,Al-Jawf,YEM-XXX,UNSPECIFIED,0.2935705216435333,64.66332926749674,45.39984639966528,21.79951169760188,24.828694991158528,2013-01-01,2013-12-31
YEM,True,True,Al-Mhrah,YEM-XXX,UNSPECIFIED,0.1113599137882518,22.67752335986926,49.1058534131276,32.69717464027846,10.85992655176774,2013-01-01,2013-12-31
YEM,True,True,Al-Mhweit,YEM-XXX,UNSPECIFIED,0.3504765530158928,68.64390166281305,51.05720166337204,15.835016423913709,35.457350241339356,2013-01-01,2013-12-31
YEM,True,True,Amran,YEM-XXX,UNSPECIFIED,0.3523823705273905,67.09911536349422,52.51669394125973,19.06556352095556,37.40447398932195,2013-01-01,2013-12-31
YEM,True,True,Dhamar,YEM-XXX,UNSPECIFIED,0.3302811474755395,63.76712049432032,51.79489757655864,18.892862515003838,34.97736093772847,2013-01-01,2013-12-31
YEM,True,True,Hadramout,YEM-XXX,UNSPECIFIED,0.1252041373292526,27.131441768660057,46.14724805147574,34.79437627686655,8.85317853594453,2013-01-01,2013-12-31
YEM,True,True,Hajjah,YEM-XXX,UNSPECIFIED,0.4583317149695371,79.91909759242864,57.349460739276225,11.40753046353221,53.730953036116894,2013-01-01,2013-12-31
YEM,True,True,Ibb,YEM-XXX,UNSPECIFIED,0.2274385886165605,46.85859728526895,48.53721660337896,24.839340429918693,21.09932033326827,2013-01-01,2013-12-31
YEM,True,True,Lahj,YEM-XXX,UNSPECIFIED,0.2091697872634999,44.825171625902,46.66346601172456,25.532310556773457,19.38954974672693,2013-01-01,2013-12-31
YEM,True,True,Mareb,YEM-XXX,UNSPECIFIED,0.2208879063120104,48.43969339092224,45.60059960111258,27.1029654977268,17.14441789056799,2013-01-01,2013-12-31
YEM,True,True,Reimah,YEM-XXX,UNSPECIFIED,0.3925687529373439,77.58947591228353,50.595618583781985,14.715060531751051,40.07152367754203,2013-01-01,2013-12-31
YEM,True,True,Sadah,YEM-XXX,UNSPECIFIED,0.30314479755734,60.2289048406567,50.3321118588074,23.07918140230285,29.8356002324766,2013-01-01,2013-12-31
YEM,True,True,Sanaa,YEM-XXX,UNSPECIFIED,0.2761797005190083,57.18172431951564,48.2985960646784,23.32246856118916,26.792033997381292,2013-01-01,2013-12-31
YEM,True,True,Sanaa City,YEM-XXX,UNSPECIFIED,0.046425692812026,11.01538036233392,42.14624578083059,21.1946493849713,1.85611290635409,2013-01-01,2013-12-31
YEM,True,True,Shabwah,YEM-XXX,UNSPECIFIED,0.1753701579143501,39.21176591838022,44.72386127148301,30.052506676562018,12.18997626287197,2013-01-01,2013-12-31
YEM,True,True,Taiz,YEM-XXX,UNSPECIFIED,0.2133268082821804,43.76841327390226,48.73989992444632,19.6778043693342,20.094584686433762,2013-01-01,2013-12-31
